fetched_at,page_no,statsDt,lag_minutes,payload_hash,item_count
2026-08-20T19:07:10,1,2026-08-20T18:00:00,67.2,254a3a65d906,100
2026-08-20T19:07:10,47,2026-08-20T18:00:00,67.2,6ffc6f20a376,100
2026-08-20T19:07:10,93,2026-08-20T18:00:00,67.2,cebb01ffcecf,6
2026-08-20T19:17:34,1,2026-08-20T18:00:00,77.6,254a3a65d906,100
2026-08-20T19:17:34,47,2026-08-20T18:00:00,77.6,6ffc6f20a376,100
2026-08-20T19:17:34,93,2026-08-20T18:00:00,77.6,cebb01ffcecf,6
2026-08-26T15:14:29,1,2026-08-26T14:00:00,74.5,87333964c5c5,100
2026-08-26T15:14:29,47,2026-08-26T14:00:00,74.5,b4fd1d9ad3bd,100
2026-08-26T15:14:29,93,2026-08-26T14:00:00,74.5,2ec421025a09,12
2026-08-26T15:24:36,1,2026-08-26T14:00:00,84.6,87333964c5c5,100
2026-08-26T15:24:36,47,2026-08-26T14:00:00,84.6,b4fd1d9ad3bd,100
2026-08-26T15:24:36,93,2026-08-26T14:00:00,84.6,2ec421025a09,12
2026-08-26T15:34:35,1,2026-08-26T14:00:00,94.6,87333964c5c5,100
2026-08-26T15:34:35,47,2026-08-26T14:00:00,94.6,b4fd1d9ad3bd,100
2026-08-26T15:34:35,93,2026-08-26T14:00:00,94.6,2ec421025a09,12
2026-08-26T15:44:36,1,2026-08-26T14:00:00,104.6,87333964c5c5,100
2026-08-26T15:44:36,47,2026-08-26T14:00:00,104.6,b4fd1d9ad3bd,100
2026-08-26T15:44:36,93,2026-08-26T14:00:00,104.6,2ec421025a09,12
2026-08-26T15:54:38,1,2026-08-26T14:00:00,114.6,87333964c5c5,100
2026-08-26T15:54:38,47,2026-08-26T14:00:00,114.6,b4fd1d9ad3bd,100
2026-08-26T15:54:38,93,2026-08-26T14:00:00,114.6,2ec421025a09,12
2026-08-26T16:04:41,1,2026-08-26T15:00:00,64.7,daf8b43ec2bb,100
2026-08-26T16:04:41,47,2026-08-26T15:00:00,64.7,fc2ac4e03a9f,100
2026-08-26T16:04:41,93,2026-08-26T15:00:00,64.7,522b112a906d,13
2026-08-26T16:14:43,1,2026-08-26T15:00:00,74.7,daf8b43ec2bb,100
2026-08-26T16:14:43,47,2026-08-26T15:00:00,74.7,fc2ac4e03a9f,100
2026-08-26T16:14:43,93,2026-08-26T15:00:00,74.7,522b112a906d,13
2026-08-26T16:24:44,1,2026-08-26T15:00:00,84.7,daf8b43ec2bb,100
2026-08-26T16:24:44,47,2026-08-26T15:00:00,84.7,fc2ac4e03a9f,100
2026-08-26T16:24:44,93,2026-08-26T15:00:00,84.7,522b112a906d,13
2026-08-26T16:34:46,1,2026-08-26T15:00:00,94.8,daf8b43ec2bb,100
2026-08-26T16:34:46,47,2026-08-26T15:00:00,94.8,fc2ac4e03a9f,100
2026-08-26T16:34:46,93,2026-08-26T15:00:00,94.8,522b112a906d,13
2026-08-26T16:44:49,1,2026-08-26T15:00:00,104.8,daf8b43ec2bb,100
2026-08-26T16:44:49,47,2026-08-26T15:00:00,104.8,fc2ac4e03a9f,100
2026-08-26T16:44:49,93,2026-08-26T15:00:00,104.8,522b112a906d,13
2026-08-26T16:54:52,1,2026-08-26T15:00:00,114.9,daf8b43ec2bb,100
2026-08-26T16:54:52,47,2026-08-26T15:00:00,114.9,fc2ac4e03a9f,100
2026-08-26T16:54:52,93,2026-08-26T15:00:00,114.9,522b112a906d,13
2026-08-26T17:04:53,1,2026-08-26T16:00:00,64.9,c90248d35730,100
2026-08-26T17:04:53,47,2026-08-26T16:00:00,64.9,fc2a3bad7b46,100
2026-08-26T17:04:53,93,2026-08-26T16:00:00,64.9,92089eb4e363,16
2026-08-26T17:14:54,1,2026-08-26T16:00:00,74.9,c90248d35730,100
2026-08-26T17:14:54,47,2026-08-26T16:00:00,74.9,fc2a3bad7b46,100
2026-08-26T17:14:54,93,2026-08-26T16:00:00,74.9,92089eb4e363,16
2026-08-26T17:24:54,1,2026-08-26T16:00:00,84.9,c90248d35730,100
2026-08-26T17:24:54,47,2026-08-26T16:00:00,84.9,fc2a3bad7b46,100
2026-08-26T17:24:54,93,2026-08-26T16:00:00,84.9,92089eb4e363,16
2026-09-10T23:28:38,1,2026-09-10T22:00:00,88.6,003725423b06,100
2026-09-10T23:28:38,47,2026-09-10T22:00:00,88.6,dcea9a18a455,100
2026-09-10T23:28:38,93,2026-09-10T22:00:00,88.6,8e7909282b8c,21
2026-09-10T23:38:39,1,2026-09-10T22:00:00,98.7,003725423b06,100
2026-09-10T23:38:39,47,2026-09-10T22:00:00,98.7,dcea9a18a455,100
2026-09-10T23:38:39,93,2026-09-10T22:00:00,98.7,8e7909282b8c,21
2026-09-10T23:48:40,1,2026-09-10T22:00:00,108.7,003725423b06,100
2026-09-10T23:48:40,47,2026-09-10T22:00:00,108.7,dcea9a18a455,100
2026-09-10T23:48:40,93,2026-09-10T22:00:00,108.7,8e7909282b8c,21
2026-09-10T23:58:41,1,2026-09-10T22:00:00,118.7,003725423b06,100
2026-09-10T23:58:41,47,2026-09-10T22:00:00,118.7,dcea9a18a455,100
2026-09-10T23:58:41,93,2026-09-10T22:00:00,118.7,8e7909282b8c,21
2026-09-11T00:08:42,1,2026-09-10T23:00:00,68.7,e3aed9b7fbaa,100
2026-09-11T00:08:42,47,2026-09-10T23:00:00,68.7,21548af2b161,100
2026-09-11T00:08:42,93,2026-09-10T23:00:00,68.7,70dea972809e,3
2026-09-11T00:18:43,1,2026-09-10T23:00:00,78.7,e3aed9b7fbaa,100
2026-09-11T00:18:43,47,2026-09-10T23:00:00,78.7,21548af2b161,100
2026-09-11T00:18:43,93,2026-09-10T23:00:00,78.7,70dea972809e,3
2026-09-11T00:28:44,1,2026-09-10T23:00:00,88.7,e3aed9b7fbaa,100
2026-09-11T00:28:44,47,2026-09-10T23:00:00,88.7,21548af2b161,100
2026-09-11T00:28:44,93,2026-09-10T23:00:00,88.7,70dea972809e,3
2026-09-11T00:38:45,1,2026-09-10T23:00:00,98.8,e3aed9b7fbaa,100
2026-09-11T00:38:45,47,2026-09-10T23:00:00,98.8,21548af2b161,100
2026-09-11T00:38:45,93,2026-09-10T23:00:00,98.8,70dea972809e,3
2026-09-11T00:48:46,1,2026-09-10T23:00:00,108.8,e3aed9b7fbaa,100
2026-09-11T00:48:46,47,2026-09-10T23:00:00,108.8,21548af2b161,100
2026-09-11T00:48:46,93,2026-09-10T23:00:00,108.8,70dea972809e,3
2026-09-11T00:58:47,1,2026-09-10T23:00:00,118.8,e3aed9b7fbaa,100
2026-09-11T00:58:47,47,2026-09-10T23:00:00,118.8,21548af2b161,100
2026-09-11T00:58:47,93,2026-09-10T23:00:00,118.8,70dea972809e,3
2026-09-11T07:30:46,1,2026-09-11T06:00:00,90.8,d2b8eff9a574,100
2026-09-11T07:30:46,47,2026-09-11T06:00:00,90.8,370f2032fc0e,100
2026-09-11T07:30:46,93,2026-09-11T06:00:00,90.8,a0343dae996a,24
2026-09-11T11:32:09,1,2026-09-11T10:00:00,92.2,8848e14b8695,100
2026-09-11T11:32:09,47,2026-09-11T10:00:00,92.2,f8bd29e554ef,100
2026-09-11T11:32:09,93,2026-09-11T10:00:00,92.2,789fdd9baff0,28
2026-09-11T11:42:10,1,2026-09-11T10:00:00,102.2,8848e14b8695,100
2026-09-11T11:42:10,47,2026-09-11T10:00:00,102.2,f8bd29e554ef,100
2026-09-11T11:42:10,93,2026-09-11T10:00:00,102.2,789fdd9baff0,28
2026-09-11T11:52:11,1,2026-09-11T10:00:00,112.2,8848e14b8695,100
2026-09-11T11:52:11,47,2026-09-11T10:00:00,112.2,f8bd29e554ef,100
2026-09-11T11:52:11,93,2026-09-11T10:00:00,112.2,789fdd9baff0,28
2026-09-11T12:02:12,1,2026-09-11T11:00:00,62.2,aab38bcd76d5,100
2026-09-11T12:02:12,47,2026-09-11T11:00:00,62.2,53d4e4724fb3,100
2026-09-11T12:02:12,93,2026-09-11T11:00:00,62.2,fbbad610b99e,28
2026-09-11T12:12:13,1,2026-09-11T11:00:00,72.2,aab38bcd76d5,100
2026-09-11T12:12:13,47,2026-09-11T11:00:00,72.2,53d4e4724fb3,100
2026-09-11T12:12:13,93,2026-09-11T11:00:00,72.2,fbbad610b99e,28
2026-09-11T12:22:14,1,2026-09-11T11:00:00,82.2,aab38bcd76d5,100
2026-09-11T12:22:14,47,2026-09-11T11:00:00,82.2,53d4e4724fb3,100
2026-09-11T12:22:14,93,2026-09-11T11:00:00,82.2,fbbad610b99e,28
2026-09-11T12:32:17,1,2026-09-11T11:00:00,92.3,aab38bcd76d5,100
2026-09-11T12:32:17,47,2026-09-11T11:00:00,92.3,53d4e4724fb3,100
2026-09-11T12:32:17,93,2026-09-11T11:00:00,92.3,fbbad610b99e,28
2026-09-11T12:42:18,1,2026-09-11T11:00:00,102.3,aab38bcd76d5,100
2026-09-11T12:42:18,47,2026-09-11T11:00:00,102.3,53d4e4724fb3,100
2026-09-11T12:42:18,93,2026-09-11T11:00:00,102.3,fbbad610b99e,28
2026-09-11T12:52:19,1,2026-09-11T11:00:00,112.3,aab38bcd76d5,100
2026-09-11T12:52:19,47,2026-09-11T11:00:00,112.3,53d4e4724fb3,100
2026-09-11T12:52:19,93,2026-09-11T11:00:00,112.3,fbbad610b99e,28
2026-09-11T13:02:20,1,2026-09-11T12:00:00,62.3,ca9bf83f8ff6,100
2026-09-11T13:02:20,47,2026-09-11T12:00:00,62.3,467dfb345746,100
2026-09-11T13:02:20,93,2026-09-11T12:00:00,62.3,67f775ba9b90,28
2026-09-11T13:12:21,1,2026-09-11T12:00:00,72.4,ca9bf83f8ff6,100
2026-09-11T13:12:21,47,2026-09-11T12:00:00,72.4,467dfb345746,100
2026-09-11T13:12:21,93,2026-09-11T12:00:00,72.4,67f775ba9b90,28
2026-09-11T13:22:20,1,2026-09-11T12:00:00,82.3,ca9bf83f8ff6,100
2026-09-11T13:22:20,47,2026-09-11T12:00:00,82.3,467dfb345746,100
2026-09-11T13:22:20,93,2026-09-11T12:00:00,82.3,67f775ba9b90,28
2026-09-11T13:32:21,1,2026-09-11T12:00:00,92.4,ca9bf83f8ff6,100
2026-09-11T13:32:21,47,2026-09-11T12:00:00,92.4,467dfb345746,100
2026-09-11T13:32:21,93,2026-09-11T12:00:00,92.4,67f775ba9b90,28
2026-09-11T13:42:22,1,2026-09-11T12:00:00,102.4,ca9bf83f8ff6,100
2026-09-11T13:42:22,47,2026-09-11T12:00:00,102.4,467dfb345746,100
2026-09-11T13:42:22,93,2026-09-11T12:00:00,102.4,67f775ba9b90,28
2026-09-11T13:52:23,1,2026-09-11T12:00:00,112.4,ca9bf83f8ff6,100
2026-09-11T13:52:23,47,2026-09-11T12:00:00,112.4,467dfb345746,100
2026-09-11T13:52:23,93,2026-09-11T12:00:00,112.4,67f775ba9b90,28
2026-09-11T14:02:24,1,2026-09-11T13:00:00,62.4,552bd935f065,100
2026-09-11T14:02:24,47,2026-09-11T13:00:00,62.4,aca6f6e1d595,100
2026-09-11T14:02:24,93,2026-09-11T13:00:00,62.4,1f00fdab9483,28
2026-09-11T14:12:25,1,2026-09-11T13:00:00,72.4,552bd935f065,100
2026-09-11T14:12:25,47,2026-09-11T13:00:00,72.4,aca6f6e1d595,100
2026-09-11T14:12:25,93,2026-09-11T13:00:00,72.4,1f00fdab9483,28
2026-09-11T15:18:42,1,2026-09-11T14:00:00,78.7,0263e6a3ffb9,100
2026-09-11T15:18:42,47,2026-09-11T14:00:00,78.7,623114e264f0,100
2026-09-11T15:18:42,93,2026-09-11T14:00:00,78.7,97eaec7f7103,30
2026-09-11T15:43:44,1,2026-09-11T14:00:00,103.7,0263e6a3ffb9,100
2026-09-11T15:43:44,47,2026-09-11T14:00:00,103.7,623114e264f0,100
2026-09-11T15:43:44,93,2026-09-11T14:00:00,103.7,97eaec7f7103,30
2026-09-11T15:53:45,1,2026-09-11T14:00:00,113.8,0263e6a3ffb9,100
2026-09-11T15:53:45,47,2026-09-11T14:00:00,113.8,623114e264f0,100
2026-09-11T15:53:45,93,2026-09-11T14:00:00,113.8,97eaec7f7103,30
2026-09-11T16:03:46,1,2026-09-11T15:00:00,63.8,22181f598daa,100
2026-09-11T16:03:46,47,2026-09-11T15:00:00,63.8,edadee572969,100
2026-09-11T16:03:46,93,2026-09-11T15:00:00,63.8,b1dad521c770,29
2026-09-11T16:17:30,1,2026-09-11T15:00:00,77.5,22181f598daa,100
2026-09-11T16:17:30,47,2026-09-11T15:00:00,77.5,edadee572969,100
2026-09-11T16:17:30,93,2026-09-11T15:00:00,77.5,b1dad521c770,29
2026-09-11T16:27:31,1,2026-09-11T15:00:00,87.5,22181f598daa,100
2026-09-11T16:27:31,47,2026-09-11T15:00:00,87.5,edadee572969,100
2026-09-11T16:27:31,93,2026-09-11T15:00:00,87.5,b1dad521c770,29
2026-09-11T16:37:32,1,2026-09-11T15:00:00,97.5,22181f598daa,100
2026-09-11T16:37:32,47,2026-09-11T15:00:00,97.5,edadee572969,100
2026-09-11T16:37:32,93,2026-09-11T15:00:00,97.5,b1dad521c770,29
2026-09-11T16:47:33,1,2026-09-11T15:00:00,107.6,22181f598daa,100
2026-09-11T16:47:33,47,2026-09-11T15:00:00,107.6,edadee572969,100
2026-09-11T16:47:33,93,2026-09-11T15:00:00,107.6,b1dad521c770,29
2026-09-11T16:57:34,1,2026-09-11T15:00:00,117.6,22181f598daa,100
2026-09-11T16:57:34,47,2026-09-11T15:00:00,117.6,edadee572969,100
2026-09-11T16:57:34,93,2026-09-11T15:00:00,117.6,b1dad521c770,29
2026-09-11T17:07:35,1,2026-09-11T16:00:00,67.6,f405ab8f30c3,100
2026-09-11T17:07:35,47,2026-09-11T16:00:00,67.6,7fed056af30d,100
2026-09-11T17:07:35,93,2026-09-11T16:00:00,67.6,670c550dc8cb,31
2026-09-11T17:17:36,1,2026-09-11T16:00:00,77.6,f405ab8f30c3,100
2026-09-11T17:17:36,47,2026-09-11T16:00:00,77.6,7fed056af30d,100
2026-09-11T17:17:36,93,2026-09-11T16:00:00,77.6,670c550dc8cb,31
2026-09-11T17:27:37,1,2026-09-11T16:00:00,87.6,f405ab8f30c3,100
2026-09-11T17:27:37,47,2026-09-11T16:00:00,87.6,7fed056af30d,100
2026-09-11T17:27:37,93,2026-09-11T16:00:00,87.6,670c550dc8cb,31
2026-09-11T17:37:38,1,2026-09-11T16:00:00,97.6,f405ab8f30c3,100
2026-09-11T17:37:38,47,2026-09-11T16:00:00,97.6,7fed056af30d,100
2026-09-11T17:37:38,93,2026-09-11T16:00:00,97.6,670c550dc8cb,31
2026-09-11T17:47:39,1,2026-09-11T16:00:00,107.7,f405ab8f30c3,100
2026-09-11T17:47:39,47,2026-09-11T16:00:00,107.7,7fed056af30d,100
2026-09-11T17:47:39,93,2026-09-11T16:00:00,107.7,670c550dc8cb,31
2026-09-11T17:57:38,1,2026-09-11T16:00:00,117.6,f405ab8f30c3,100
2026-09-11T17:57:38,47,2026-09-11T16:00:00,117.6,7fed056af30d,100
2026-09-11T17:57:38,93,2026-09-11T16:00:00,117.6,670c550dc8cb,31
2026-09-11T18:07:39,1,2026-09-11T17:00:00,67.7,ae4edf4c4f88,100
2026-09-11T18:07:39,47,2026-09-11T17:00:00,67.7,b7fd368e8f65,100
2026-09-11T18:07:39,93,2026-09-11T17:00:00,67.7,13cdd80048c8,29
2026-09-11T18:17:40,1,2026-09-11T17:00:00,77.7,ae4edf4c4f88,100
2026-09-11T18:17:40,47,2026-09-11T17:00:00,77.7,b7fd368e8f65,100
2026-09-11T18:17:40,93,2026-09-11T17:00:00,77.7,13cdd80048c8,29
2026-09-11T18:27:41,1,2026-09-11T17:00:00,87.7,ae4edf4c4f88,100
2026-09-11T18:27:41,47,2026-09-11T17:00:00,87.7,b7fd368e8f65,100
2026-09-11T18:27:41,93,2026-09-11T17:00:00,87.7,13cdd80048c8,29
2026-09-11T19:09:38,1,2026-09-11T18:00:00,69.6,d269919bd412,100
2026-09-11T19:09:38,47,2026-09-11T18:00:00,69.6,9a51a8a472e7,100
2026-09-11T19:09:38,93,2026-09-11T18:00:00,69.6,342ce9839b91,29
2026-09-12T00:15:26,1,2026-09-11T23:00:00,75.4,cca4ed707f3f,100
2026-09-12T00:15:26,47,2026-09-11T23:00:00,75.4,5b0880ef7ab7,100
2026-09-12T00:15:26,93,2026-09-11T23:00:00,75.4,976eac232c33,4
2026-09-12T00:25:27,1,2026-09-11T23:00:00,85.5,cca4ed707f3f,100
2026-09-12T00:25:27,47,2026-09-11T23:00:00,85.5,5b0880ef7ab7,100
2026-09-12T00:25:27,93,2026-09-11T23:00:00,85.5,976eac232c33,4
2026-09-12T00:35:28,1,2026-09-11T23:00:00,95.5,cca4ed707f3f,100
2026-09-12T00:35:28,47,2026-09-11T23:00:00,95.5,5b0880ef7ab7,100
2026-09-12T00:35:28,93,2026-09-11T23:00:00,95.5,976eac232c33,4
2026-09-12T00:45:30,1,2026-09-11T23:00:00,105.5,cca4ed707f3f,100
2026-09-12T00:45:30,47,2026-09-11T23:00:00,105.5,5b0880ef7ab7,100
2026-09-12T00:45:30,93,2026-09-11T23:00:00,105.5,976eac232c33,4
2026-09-12T00:55:31,1,2026-09-11T23:00:00,115.5,cca4ed707f3f,100
2026-09-12T00:55:31,47,2026-09-11T23:00:00,115.5,5b0880ef7ab7,100
2026-09-12T00:55:31,93,2026-09-11T23:00:00,115.5,976eac232c33,4
2026-09-12T09:51:21,1,2026-09-12T08:00:00,111.4,5c43e8e3c4ee,100
2026-09-12T09:51:21,47,2026-09-12T08:00:00,111.4,9e938b374c0b,100
2026-09-12T09:51:21,93,2026-09-12T08:00:00,111.4,5e4f47c5b19a,29
2026-09-12T14:48:05,1,2026-09-12T13:00:00,108.1,64602ee1126c,100
2026-09-12T14:48:05,47,2026-09-12T13:00:00,108.1,a6fb811ead13,100
2026-09-12T14:48:05,93,2026-09-12T13:00:00,108.1,d7287019c2be,29
2026-09-12T14:58:42,1,2026-09-12T13:00:00,118.7,64602ee1126c,100
2026-09-12T14:58:42,47,2026-09-12T13:00:00,118.7,a6fb811ead13,100
2026-09-12T14:58:42,93,2026-09-12T13:00:00,118.7,d7287019c2be,29
2026-09-12T15:08:43,1,2026-09-12T14:00:00,68.7,b24d155e53da,100
2026-09-12T15:08:43,47,2026-09-12T14:00:00,68.7,77355514fb97,100
2026-09-12T15:08:43,93,2026-09-12T14:00:00,68.7,e341ef98724e,32
2026-09-12T15:18:44,1,2026-09-12T14:00:00,78.7,b24d155e53da,100
2026-09-12T15:18:44,47,2026-09-12T14:00:00,78.7,77355514fb97,100
2026-09-12T15:18:44,93,2026-09-12T14:00:00,78.7,e341ef98724e,32
2026-09-12T15:28:49,1,2026-09-12T14:00:00,88.8,b24d155e53da,100
2026-09-12T15:28:49,47,2026-09-12T14:00:00,88.8,77355514fb97,100
2026-09-12T15:28:49,93,2026-09-12T14:00:00,88.8,e341ef98724e,32
2026-09-12T15:38:51,1,2026-09-12T14:00:00,98.9,b24d155e53da,100
2026-09-12T15:38:51,47,2026-09-12T14:00:00,98.9,77355514fb97,100
2026-09-12T15:38:51,93,2026-09-12T14:00:00,98.9,e341ef98724e,32
2026-09-12T15:48:52,1,2026-09-12T14:00:00,108.9,b24d155e53da,100
2026-09-12T15:48:52,47,2026-09-12T14:00:00,108.9,77355514fb97,100
2026-09-12T15:48:52,93,2026-09-12T14:00:00,108.9,e341ef98724e,32
2026-09-12T15:58:52,1,2026-09-12T14:00:00,118.9,b24d155e53da,100
2026-09-12T15:58:52,47,2026-09-12T14:00:00,118.9,77355514fb97,100
2026-09-12T15:58:52,93,2026-09-12T14:00:00,118.9,e341ef98724e,32
2026-09-12T16:08:53,1,2026-09-12T15:00:00,68.9,b215657963aa,100
2026-09-12T16:08:53,47,2026-09-12T15:00:00,68.9,028860cd691c,100
2026-09-12T16:08:53,93,2026-09-12T15:00:00,68.9,aa3b41d244b8,30
2026-09-12T16:18:55,1,2026-09-12T15:00:00,78.9,b215657963aa,100
2026-09-12T16:18:55,47,2026-09-12T15:00:00,78.9,028860cd691c,100
2026-09-12T16:18:55,93,2026-09-12T15:00:00,78.9,aa3b41d244b8,30
2026-09-12T16:28:56,1,2026-09-12T15:00:00,88.9,b215657963aa,100
2026-09-12T16:28:56,47,2026-09-12T15:00:00,88.9,028860cd691c,100
2026-09-12T16:28:56,93,2026-09-12T15:00:00,88.9,aa3b41d244b8,30
2026-09-12T16:38:57,1,2026-09-12T15:00:00,99.0,b215657963aa,100
2026-09-12T16:38:57,47,2026-09-12T15:00:00,99.0,028860cd691c,100
2026-09-12T16:38:57,93,2026-09-12T15:00:00,99.0,aa3b41d244b8,30
2026-09-12T16:48:58,1,2026-09-12T15:00:00,109.0,b215657963aa,100
2026-09-12T16:48:58,47,2026-09-12T15:00:00,109.0,028860cd691c,100
2026-09-12T16:48:58,93,2026-09-12T15:00:00,109.0,aa3b41d244b8,30
2026-09-12T16:58:59,1,2026-09-12T15:00:00,119.0,b215657963aa,100
2026-09-12T16:58:59,47,2026-09-12T15:00:00,119.0,028860cd691c,100
2026-09-12T16:58:59,93,2026-09-12T15:00:00,119.0,aa3b41d244b8,30
2026-09-12T17:09:01,1,2026-09-12T16:00:00,69.0,9546e1400f8e,100
2026-09-12T17:09:01,47,2026-09-12T16:00:00,69.0,1991591c1aaa,100
2026-09-12T17:09:01,93,2026-09-12T16:00:00,69.0,400a83c70752,32
2026-09-12T17:19:01,1,2026-09-12T16:00:00,79.0,9546e1400f8e,100
2026-09-12T17:19:01,47,2026-09-12T16:00:00,79.0,1991591c1aaa,100
2026-09-12T17:19:01,93,2026-09-12T16:00:00,79.0,400a83c70752,32
2026-09-12T17:29:02,1,2026-09-12T16:00:00,89.0,9546e1400f8e,100
2026-09-12T17:29:02,47,2026-09-12T16:00:00,89.0,1991591c1aaa,100
2026-09-12T17:29:02,93,2026-09-12T16:00:00,89.0,400a83c70752,32
2026-09-12T17:39:03,1,2026-09-12T16:00:00,99.1,9546e1400f8e,100
2026-09-12T17:39:03,47,2026-09-12T16:00:00,99.1,1991591c1aaa,100
2026-09-12T17:39:03,93,2026-09-12T16:00:00,99.1,400a83c70752,32
2026-09-12T17:49:04,1,2026-09-12T16:00:00,109.1,9546e1400f8e,100
2026-09-12T17:49:04,47,2026-09-12T16:00:00,109.1,1991591c1aaa,100
2026-09-12T17:49:04,93,2026-09-12T16:00:00,109.1,400a83c70752,32
2026-09-12T17:59:05,1,2026-09-12T16:00:00,119.1,9546e1400f8e,100
2026-09-12T17:59:05,47,2026-09-12T16:00:00,119.1,1991591c1aaa,100
2026-09-12T17:59:05,93,2026-09-12T16:00:00,119.1,400a83c70752,32
2026-09-12T18:09:06,1,2026-09-12T17:00:00,69.1,288ea545c3e6,100
2026-09-12T18:09:06,47,2026-09-12T17:00:00,69.1,2d5b94c53679,100
2026-09-12T18:09:06,93,2026-09-12T17:00:00,69.1,74e1f205987c,32
2026-09-12T18:19:07,1,2026-09-12T17:00:00,79.1,288ea545c3e6,100
2026-09-12T18:19:07,47,2026-09-12T17:00:00,79.1,2d5b94c53679,100
2026-09-12T18:19:07,93,2026-09-12T17:00:00,79.1,74e1f205987c,32
2026-09-12T18:29:06,1,2026-09-12T17:00:00,89.1,288ea545c3e6,100
2026-09-12T18:29:06,47,2026-09-12T17:00:00,89.1,2d5b94c53679,100
2026-09-12T18:29:06,93,2026-09-12T17:00:00,89.1,74e1f205987c,32
2026-09-12T18:39:07,1,2026-09-12T17:00:00,99.1,288ea545c3e6,100
2026-09-12T18:39:07,47,2026-09-12T17:00:00,99.1,2d5b94c53679,100
2026-09-12T18:39:07,93,2026-09-12T17:00:00,99.1,74e1f205987c,32
2026-09-12T18:49:09,1,2026-09-12T17:00:00,109.2,288ea545c3e6,100
2026-09-12T18:49:09,47,2026-09-12T17:00:00,109.2,2d5b94c53679,100
2026-09-12T18:49:09,93,2026-09-12T17:00:00,109.2,74e1f205987c,32
2026-09-12T18:59:12,1,2026-09-12T17:00:00,119.2,288ea545c3e6,100
2026-09-12T18:59:12,47,2026-09-12T17:00:00,119.2,2d5b94c53679,100
2026-09-12T18:59:12,93,2026-09-12T17:00:00,119.2,74e1f205987c,32
2026-09-13T00:51:41,1,2026-09-12T23:00:00,111.7,6707f082b26c,100
2026-09-13T00:51:41,47,2026-09-12T23:00:00,111.7,9518a8b0719e,100
2026-09-13T00:51:41,93,2026-09-12T23:00:00,111.7,279c6f90f9df,6
2026-09-13T07:08:07,1,2026-09-13T06:00:00,68.1,09bb94f9415b,100
2026-09-13T07:08:07,47,2026-09-13T06:00:00,68.1,500d0979e991,100
2026-09-13T07:08:07,93,2026-09-13T06:00:00,68.1,4069ae5b57ee,16
2026-09-13T07:18:09,1,2026-09-13T06:00:00,78.2,09bb94f9415b,100
2026-09-13T07:18:09,47,2026-09-13T06:00:00,78.2,500d0979e991,100
2026-09-13T07:18:09,93,2026-09-13T06:00:00,78.2,4069ae5b57ee,16
2026-09-13T07:28:10,1,2026-09-13T06:00:00,88.2,09bb94f9415b,100
2026-09-13T07:28:10,47,2026-09-13T06:00:00,88.2,500d0979e991,100
2026-09-13T07:28:10,93,2026-09-13T06:00:00,88.2,4069ae5b57ee,16
2026-09-13T07:38:10,1,2026-09-13T06:00:00,98.2,09bb94f9415b,100
2026-09-13T07:38:10,47,2026-09-13T06:00:00,98.2,500d0979e991,100
2026-09-13T07:38:10,93,2026-09-13T06:00:00,98.2,4069ae5b57ee,16
2026-09-13T07:48:11,1,2026-09-13T06:00:00,108.2,09bb94f9415b,100
2026-09-13T07:48:11,47,2026-09-13T06:00:00,108.2,500d0979e991,100
2026-09-13T07:48:11,93,2026-09-13T06:00:00,108.2,4069ae5b57ee,16
2026-09-13T08:14:53,1,2026-09-13T07:00:00,74.9,6acb081260a3,100
2026-09-13T08:14:53,47,2026-09-13T07:00:00,74.9,6c2652d1d14a,100
2026-09-13T08:14:53,93,2026-09-13T07:00:00,74.9,d8950e174ed4,16
2026-09-13T08:24:54,1,2026-09-13T07:00:00,84.9,6acb081260a3,100
2026-09-13T08:24:54,47,2026-09-13T07:00:00,84.9,6c2652d1d14a,100
2026-09-13T08:24:54,93,2026-09-13T07:00:00,84.9,d8950e174ed4,16
2026-09-13T08:34:55,1,2026-09-13T07:00:00,94.9,6acb081260a3,100
2026-09-13T08:34:55,47,2026-09-13T07:00:00,94.9,6c2652d1d14a,100
2026-09-13T08:34:55,93,2026-09-13T07:00:00,94.9,d8950e174ed4,16
2026-09-13T08:44:56,1,2026-09-13T07:00:00,104.9,6acb081260a3,100
2026-09-13T08:44:56,47,2026-09-13T07:00:00,104.9,6c2652d1d14a,100
2026-09-13T08:44:56,93,2026-09-13T07:00:00,104.9,d8950e174ed4,16
2026-09-13T08:54:57,1,2026-09-13T07:00:00,115.0,6acb081260a3,100
2026-09-13T08:54:57,47,2026-09-13T07:00:00,115.0,6c2652d1d14a,100
2026-09-13T08:54:57,93,2026-09-13T07:00:00,115.0,d8950e174ed4,16
2026-09-13T09:04:58,1,2026-09-13T08:00:00,65.0,9b5305798794,100
2026-09-13T09:04:58,47,2026-09-13T08:00:00,65.0,07bfe8f6efe8,100
2026-09-13T09:04:58,93,2026-09-13T08:00:00,65.0,c863902cf874,29
2026-09-13T09:31:41,1,2026-09-13T08:00:00,91.7,9b5305798794,100
2026-09-13T09:31:41,47,2026-09-13T08:00:00,91.7,07bfe8f6efe8,100
2026-09-13T09:31:41,93,2026-09-13T08:00:00,91.7,c863902cf874,29
2026-09-13T09:41:42,1,2026-09-13T08:00:00,101.7,9b5305798794,100
2026-09-13T09:41:42,47,2026-09-13T08:00:00,101.7,07bfe8f6efe8,100
2026-09-13T09:41:42,93,2026-09-13T08:00:00,101.7,c863902cf874,29
2026-09-13T10:07:52,1,2026-09-13T09:00:00,67.9,b60aeac10429,100
2026-09-13T10:07:52,47,2026-09-13T09:00:00,67.9,710b3720ed09,100
2026-09-13T10:07:52,93,2026-09-13T09:00:00,67.9,4c9cb32e5e6f,29
2026-09-13T10:17:54,1,2026-09-13T09:00:00,77.9,b60aeac10429,100
2026-09-13T10:17:54,47,2026-09-13T09:00:00,77.9,710b3720ed09,100
2026-09-13T10:17:54,93,2026-09-13T09:00:00,77.9,4c9cb32e5e6f,29
2026-09-13T10:27:55,1,2026-09-13T09:00:00,87.9,b60aeac10429,100
2026-09-13T10:27:55,47,2026-09-13T09:00:00,87.9,710b3720ed09,100
2026-09-13T10:27:55,93,2026-09-13T09:00:00,87.9,4c9cb32e5e6f,29
2026-09-13T10:37:57,1,2026-09-13T09:00:00,98.0,b60aeac10429,100
2026-09-13T10:37:57,47,2026-09-13T09:00:00,98.0,710b3720ed09,100
2026-09-13T10:37:57,93,2026-09-13T09:00:00,98.0,4c9cb32e5e6f,29
2026-09-13T10:47:58,1,2026-09-13T09:00:00,108.0,b60aeac10429,100
2026-09-13T10:47:58,47,2026-09-13T09:00:00,108.0,710b3720ed09,100
2026-09-13T10:47:58,93,2026-09-13T09:00:00,108.0,4c9cb32e5e6f,29
2026-09-13T10:57:59,1,2026-09-13T09:00:00,118.0,b60aeac10429,100
2026-09-13T10:57:59,47,2026-09-13T09:00:00,118.0,710b3720ed09,100
2026-09-13T10:57:59,93,2026-09-13T09:00:00,118.0,4c9cb32e5e6f,29
2026-09-13T11:08:00,1,2026-09-13T10:00:00,68.0,f1392064be90,100
2026-09-13T11:08:00,47,2026-09-13T10:00:00,68.0,c40ada17261a,100
2026-09-13T11:08:00,93,2026-09-13T10:00:00,68.0,43d6affabd36,26
2026-09-13T11:18:01,1,2026-09-13T10:00:00,78.0,f1392064be90,100
2026-09-13T11:18:01,47,2026-09-13T10:00:00,78.0,c40ada17261a,100
2026-09-13T11:18:01,93,2026-09-13T10:00:00,78.0,43d6affabd36,26
2026-09-13T11:28:03,1,2026-09-13T10:00:00,88.1,f1392064be90,100
2026-09-13T11:28:03,47,2026-09-13T10:00:00,88.1,c40ada17261a,100
2026-09-13T11:28:03,93,2026-09-13T10:00:00,88.1,43d6affabd36,26
2026-09-13T11:38:04,1,2026-09-13T10:00:00,98.1,f1392064be90,100
2026-09-13T11:38:04,47,2026-09-13T10:00:00,98.1,c40ada17261a,100
2026-09-13T11:38:04,93,2026-09-13T10:00:00,98.1,43d6affabd36,26
2026-09-13T11:48:05,1,2026-09-13T10:00:00,108.1,f1392064be90,100
2026-09-13T11:48:05,47,2026-09-13T10:00:00,108.1,c40ada17261a,100
2026-09-13T11:48:05,93,2026-09-13T10:00:00,108.1,43d6affabd36,26
2026-09-13T11:58:06,1,2026-09-13T10:00:00,118.1,f1392064be90,100
2026-09-13T11:58:06,47,2026-09-13T10:00:00,118.1,c40ada17261a,100
2026-09-13T11:58:06,93,2026-09-13T10:00:00,118.1,43d6affabd36,26
2026-09-13T12:08:08,1,2026-09-13T11:00:00,68.1,0c7ac9111572,100
2026-09-13T12:08:08,47,2026-09-13T11:00:00,68.1,1ad786071139,100
2026-09-13T12:08:08,93,2026-09-13T11:00:00,68.1,70e386234d6b,25
2026-09-13T12:18:09,1,2026-09-13T11:00:00,78.2,0c7ac9111572,100
2026-09-13T12:18:09,47,2026-09-13T11:00:00,78.2,1ad786071139,100
2026-09-13T12:18:09,93,2026-09-13T11:00:00,78.2,70e386234d6b,25
2026-09-13T12:29:07,1,2026-09-13T11:00:00,89.1,0c7ac9111572,100
2026-09-13T12:29:07,47,2026-09-13T11:00:00,89.1,1ad786071139,100
2026-09-13T12:29:07,93,2026-09-13T11:00:00,89.1,70e386234d6b,25
2026-09-13T12:54:45,1,2026-09-13T11:00:00,114.8,0c7ac9111572,100
2026-09-13T12:54:45,47,2026-09-13T11:00:00,114.8,1ad786071139,100
2026-09-13T12:54:45,93,2026-09-13T11:00:00,114.8,70e386234d6b,25
2026-09-13T13:04:47,1,2026-09-13T12:00:00,64.8,7a326a45f182,100
2026-09-13T13:04:47,47,2026-09-13T12:00:00,64.8,24d82c32900d,100
2026-09-13T13:04:47,93,2026-09-13T12:00:00,64.8,2f46f4aaa85e,26
2026-09-13T13:59:30,1,2026-09-13T12:00:00,119.5,7a326a45f182,100
2026-09-13T13:59:30,47,2026-09-13T12:00:00,119.5,24d82c32900d,100
2026-09-13T13:59:30,93,2026-09-13T12:00:00,119.5,2f46f4aaa85e,26
2026-09-13T14:09:31,1,2026-09-13T13:00:00,69.5,6851c62875f3,100
2026-09-13T14:09:31,47,2026-09-13T13:00:00,69.5,a4480d9af0c1,100
2026-09-13T14:09:31,93,2026-09-13T13:00:00,69.5,1c6fe863c171,28
2026-09-13T14:19:33,1,2026-09-13T13:00:00,79.6,6851c62875f3,100
2026-09-13T14:19:33,47,2026-09-13T13:00:00,79.6,a4480d9af0c1,100
2026-09-13T14:19:33,93,2026-09-13T13:00:00,79.6,1c6fe863c171,28
2026-09-13T14:29:34,1,2026-09-13T13:00:00,89.6,6851c62875f3,100
2026-09-13T14:29:34,47,2026-09-13T13:00:00,89.6,a4480d9af0c1,100
2026-09-13T14:29:34,93,2026-09-13T13:00:00,89.6,1c6fe863c171,28
2026-09-13T14:39:35,1,2026-09-13T13:00:00,99.6,6851c62875f3,100
2026-09-13T14:39:35,47,2026-09-13T13:00:00,99.6,a4480d9af0c1,100
2026-09-13T14:39:35,93,2026-09-13T13:00:00,99.6,1c6fe863c171,28
2026-09-13T14:49:36,1,2026-09-13T13:00:00,109.6,6851c62875f3,100
2026-09-13T14:49:36,47,2026-09-13T13:00:00,109.6,a4480d9af0c1,100
2026-09-13T14:49:36,93,2026-09-13T13:00:00,109.6,1c6fe863c171,28
2026-09-13T14:59:40,1,2026-09-13T13:00:00,119.7,6851c62875f3,100
2026-09-13T14:59:40,47,2026-09-13T13:00:00,119.7,a4480d9af0c1,100
2026-09-13T14:59:40,93,2026-09-13T13:00:00,119.7,1c6fe863c171,28
2026-09-13T15:09:41,1,2026-09-13T14:00:00,69.7,de5d61825e48,100
2026-09-13T15:09:41,47,2026-09-13T14:00:00,69.7,5479568956d8,100
2026-09-13T15:09:41,93,2026-09-13T14:00:00,69.7,00e2104da294,28
2026-09-13T15:19:43,1,2026-09-13T14:00:00,79.7,de5d61825e48,100
2026-09-13T15:19:43,47,2026-09-13T14:00:00,79.7,5479568956d8,100
2026-09-13T15:19:43,93,2026-09-13T14:00:00,79.7,00e2104da294,28
2026-09-13T15:29:44,1,2026-09-13T14:00:00,89.7,de5d61825e48,100
2026-09-13T15:29:44,47,2026-09-13T14:00:00,89.7,5479568956d8,100
2026-09-13T15:29:44,93,2026-09-13T14:00:00,89.7,00e2104da294,28
2026-09-13T15:39:45,1,2026-09-13T14:00:00,99.8,de5d61825e48,100
2026-09-13T15:39:45,47,2026-09-13T14:00:00,99.8,5479568956d8,100
2026-09-13T15:39:45,93,2026-09-13T14:00:00,99.8,00e2104da294,28
2026-09-13T15:49:47,1,2026-09-13T14:00:00,109.8,de5d61825e48,100
2026-09-13T15:49:47,47,2026-09-13T14:00:00,109.8,5479568956d8,100
2026-09-13T15:49:47,93,2026-09-13T14:00:00,109.8,00e2104da294,28
2026-09-13T15:59:49,1,2026-09-13T14:00:00,119.8,de5d61825e48,100
2026-09-13T15:59:49,47,2026-09-13T14:00:00,119.8,5479568956d8,100
2026-09-13T15:59:49,93,2026-09-13T14:00:00,119.8,00e2104da294,28
2026-09-13T16:09:50,1,2026-09-13T15:00:00,69.8,9a56c3d928ec,100
2026-09-13T16:09:50,47,2026-09-13T15:00:00,69.8,ef0e3da0437a,100
2026-09-13T16:09:50,93,2026-09-13T15:00:00,69.8,12a84944c3a6,30
2026-09-13T16:19:51,1,2026-09-13T15:00:00,79.9,9a56c3d928ec,100
2026-09-13T16:19:51,47,2026-09-13T15:00:00,79.9,ef0e3da0437a,100
2026-09-13T16:19:51,93,2026-09-13T15:00:00,79.9,12a84944c3a6,30
2026-09-13T16:29:52,1,2026-09-13T15:00:00,89.9,9a56c3d928ec,100
2026-09-13T16:29:52,47,2026-09-13T15:00:00,89.9,ef0e3da0437a,100
2026-09-13T16:29:52,93,2026-09-13T15:00:00,89.9,12a84944c3a6,30
2026-09-13T16:39:53,1,2026-09-13T15:00:00,99.9,9a56c3d928ec,100
2026-09-13T16:39:53,47,2026-09-13T15:00:00,99.9,ef0e3da0437a,100
2026-09-13T16:39:53,93,2026-09-13T15:00:00,99.9,12a84944c3a6,30
2026-09-13T16:49:54,1,2026-09-13T15:00:00,109.9,9a56c3d928ec,100
2026-09-13T16:49:54,47,2026-09-13T15:00:00,109.9,ef0e3da0437a,100
2026-09-13T16:49:54,93,2026-09-13T15:00:00,109.9,12a84944c3a6,30
2026-09-13T16:59:55,1,2026-09-13T15:00:00,119.9,9a56c3d928ec,100
2026-09-13T16:59:55,47,2026-09-13T15:00:00,119.9,ef0e3da0437a,100
2026-09-13T16:59:55,93,2026-09-13T15:00:00,119.9,12a84944c3a6,30
2026-09-13T17:09:56,1,2026-09-13T16:00:00,69.9,740a149cb59e,100
2026-09-13T17:09:56,47,2026-09-13T16:00:00,69.9,cae31a8ec4b6,100
2026-09-13T17:09:56,93,2026-09-13T16:00:00,69.9,497a059f1c63,32
2026-09-13T17:19:57,1,2026-09-13T16:00:00,80.0,740a149cb59e,100
2026-09-13T17:19:57,47,2026-09-13T16:00:00,80.0,cae31a8ec4b6,100
2026-09-13T17:19:57,93,2026-09-13T16:00:00,80.0,497a059f1c63,32
2026-09-13T17:29:59,1,2026-09-13T16:00:00,90.0,740a149cb59e,100
2026-09-13T17:29:59,47,2026-09-13T16:00:00,90.0,cae31a8ec4b6,100
2026-09-13T17:29:59,93,2026-09-13T16:00:00,90.0,497a059f1c63,32
2026-09-13T17:40:01,1,2026-09-13T16:00:00,100.0,740a149cb59e,100
2026-09-13T17:40:01,47,2026-09-13T16:00:00,100.0,cae31a8ec4b6,100
2026-09-13T17:40:01,93,2026-09-13T16:00:00,100.0,497a059f1c63,32
2026-09-13T17:50:02,1,2026-09-13T16:00:00,110.0,740a149cb59e,100
2026-09-13T17:50:02,47,2026-09-13T16:00:00,110.0,cae31a8ec4b6,100
2026-09-13T17:50:02,93,2026-09-13T16:00:00,110.0,497a059f1c63,32
2026-09-13T18:10:05,1,2026-09-13T17:00:00,70.1,2ea680db77da,100
2026-09-13T18:10:05,47,2026-09-13T17:00:00,70.1,b64d59142947,100
2026-09-13T18:10:05,93,2026-09-13T17:00:00,70.1,9dd81e9e01fc,29
2026-09-13T18:20:07,1,2026-09-13T17:00:00,80.1,2ea680db77da,100
2026-09-13T18:20:07,47,2026-09-13T17:00:00,80.1,b64d59142947,100
2026-09-13T18:20:07,93,2026-09-13T17:00:00,80.1,9dd81e9e01fc,29
2026-09-13T18:30:08,1,2026-09-13T17:00:00,90.1,2ea680db77da,100
2026-09-13T18:30:08,47,2026-09-13T17:00:00,90.1,b64d59142947,100
2026-09-13T18:30:08,93,2026-09-13T17:00:00,90.1,9dd81e9e01fc,29
2026-09-13T20:53:52,1,2026-09-13T19:00:00,113.9,42f3c34682cd,100
2026-09-13T20:53:52,47,2026-09-13T19:00:00,113.9,f3d721ea82f9,100
2026-09-13T20:53:52,93,2026-09-13T19:00:00,113.9,8142e725c0a7,28
2026-09-13T21:03:53,1,2026-09-13T20:00:00,63.9,617abd986338,100
2026-09-13T21:03:53,47,2026-09-13T20:00:00,63.9,4dab9b408523,100
2026-09-13T21:03:53,93,2026-09-13T20:00:00,63.9,601f07b0a713,27
2026-09-13T21:13:55,1,2026-09-13T20:00:00,73.9,617abd986338,100
2026-09-13T21:13:55,47,2026-09-13T20:00:00,73.9,4dab9b408523,100
2026-09-13T21:13:55,93,2026-09-13T20:00:00,73.9,601f07b0a713,27
2026-09-13T21:23:57,1,2026-09-13T20:00:00,84.0,617abd986338,100
2026-09-13T21:23:57,47,2026-09-13T20:00:00,84.0,4dab9b408523,100
2026-09-13T21:23:57,93,2026-09-13T20:00:00,84.0,601f07b0a713,27
2026-09-13T21:46:02,1,2026-09-13T20:00:00,106.0,617abd986338,100
2026-09-13T21:46:02,47,2026-09-13T20:00:00,106.0,4dab9b408523,100
2026-09-13T21:46:02,93,2026-09-13T20:00:00,106.0,601f07b0a713,27
2026-09-13T21:56:04,1,2026-09-13T20:00:00,116.1,617abd986338,100
2026-09-13T21:56:04,47,2026-09-13T20:00:00,116.1,4dab9b408523,100
2026-09-13T21:56:04,93,2026-09-13T20:00:00,116.1,601f07b0a713,27
2026-09-13T22:06:06,1,2026-09-13T21:00:00,66.1,6743d261b180,100
2026-09-13T22:06:06,47,2026-09-13T21:00:00,66.1,5f163ef486a1,100
2026-09-13T22:06:06,93,2026-09-13T21:00:00,66.1,9ce5cf0cfd28,26
2026-09-13T22:16:08,1,2026-09-13T21:00:00,76.1,6743d261b180,100
2026-09-13T22:16:08,47,2026-09-13T21:00:00,76.1,5f163ef486a1,100
2026-09-13T22:16:08,93,2026-09-13T21:00:00,76.1,9ce5cf0cfd28,26
2026-09-13T22:26:12,1,2026-09-13T21:00:00,86.2,6743d261b180,100
2026-09-13T22:26:12,47,2026-09-13T21:00:00,86.2,5f163ef486a1,100
2026-09-13T22:26:12,93,2026-09-13T21:00:00,86.2,9ce5cf0cfd28,26
2026-09-13T22:36:13,1,2026-09-13T21:00:00,96.2,6743d261b180,100
2026-09-13T22:36:13,47,2026-09-13T21:00:00,96.2,5f163ef486a1,100
2026-09-13T22:36:13,93,2026-09-13T21:00:00,96.2,9ce5cf0cfd28,26
2026-09-13T22:46:14,1,2026-09-13T21:00:00,106.2,6743d261b180,100
2026-09-13T22:46:14,47,2026-09-13T21:00:00,106.2,5f163ef486a1,100
2026-09-13T22:46:14,93,2026-09-13T21:00:00,106.2,9ce5cf0cfd28,26
2026-09-13T22:56:15,1,2026-09-13T21:00:00,116.3,6743d261b180,100
2026-09-13T22:56:15,47,2026-09-13T21:00:00,116.3,5f163ef486a1,100
2026-09-13T22:56:15,93,2026-09-13T21:00:00,116.3,9ce5cf0cfd28,26
2026-09-13T23:06:16,1,2026-09-13T22:00:00,66.3,93440b225591,100
2026-09-13T23:06:16,47,2026-09-13T22:00:00,66.3,778dece2ca24,100
2026-09-13T23:06:16,93,2026-09-13T22:00:00,66.3,22be92cb41ec,17
2026-09-13T23:16:17,1,2026-09-13T22:00:00,76.3,93440b225591,100
2026-09-13T23:16:17,47,2026-09-13T22:00:00,76.3,778dece2ca24,100
2026-09-13T23:16:17,93,2026-09-13T22:00:00,76.3,22be92cb41ec,17
2026-09-13T23:26:18,1,2026-09-13T22:00:00,86.3,93440b225591,100
2026-09-13T23:26:18,47,2026-09-13T22:00:00,86.3,778dece2ca24,100
2026-09-13T23:26:18,93,2026-09-13T22:00:00,86.3,22be92cb41ec,17
2026-09-13T23:36:19,1,2026-09-13T22:00:00,96.3,93440b225591,100
2026-09-13T23:36:19,47,2026-09-13T22:00:00,96.3,778dece2ca24,100
2026-09-13T23:36:19,93,2026-09-13T22:00:00,96.3,22be92cb41ec,17
2026-09-13T23:46:20,1,2026-09-13T22:00:00,106.3,93440b225591,100
2026-09-13T23:46:20,47,2026-09-13T22:00:00,106.3,778dece2ca24,100
2026-09-13T23:46:20,93,2026-09-13T22:00:00,106.3,22be92cb41ec,17
2026-09-13T23:56:21,1,2026-09-13T22:00:00,116.4,93440b225591,100
2026-09-13T23:56:21,47,2026-09-13T22:00:00,116.4,778dece2ca24,100
2026-09-13T23:56:21,93,2026-09-13T22:00:00,116.4,22be92cb41ec,17
2026-09-14T00:06:23,1,2026-09-13T23:00:00,66.4,6da5df04a473,100
2026-09-14T00:06:23,47,2026-09-13T23:00:00,66.4,a8ef9bda3190,100
2026-09-14T00:06:23,93,2026-09-13T23:00:00,66.4,976eac232c33,4
2026-09-14T00:25:23,1,2026-09-13T23:00:00,85.4,6da5df04a473,100
2026-09-14T00:25:23,47,2026-09-13T23:00:00,85.4,a8ef9bda3190,100
2026-09-14T00:25:23,93,2026-09-13T23:00:00,85.4,976eac232c33,4
2026-09-14T00:35:24,1,2026-09-13T23:00:00,95.4,6da5df04a473,100
2026-09-14T00:35:24,47,2026-09-13T23:00:00,95.4,a8ef9bda3190,100
2026-09-14T00:35:24,93,2026-09-13T23:00:00,95.4,976eac232c33,4
2026-09-14T07:03:23,1,2026-09-14T06:00:00,63.4,457fd9f21014,100
2026-09-14T07:03:23,47,2026-09-14T06:00:00,63.4,a6686c323f20,100
2026-09-14T07:03:23,93,2026-09-14T06:00:00,63.4,8627988a6e9b,25
2026-09-14T07:13:24,1,2026-09-14T06:00:00,73.4,457fd9f21014,100
2026-09-14T07:13:24,47,2026-09-14T06:00:00,73.4,a6686c323f20,100
2026-09-14T07:13:24,93,2026-09-14T06:00:00,73.4,8627988a6e9b,25
2026-09-14T07:23:24,1,2026-09-14T06:00:00,83.4,457fd9f21014,100
2026-09-14T07:23:24,47,2026-09-14T06:00:00,83.4,a6686c323f20,100
2026-09-14T07:23:24,93,2026-09-14T06:00:00,83.4,8627988a6e9b,25
2026-09-14T07:33:25,1,2026-09-14T06:00:00,93.4,457fd9f21014,100
2026-09-14T07:33:25,47,2026-09-14T06:00:00,93.4,a6686c323f20,100
2026-09-14T07:33:25,93,2026-09-14T06:00:00,93.4,8627988a6e9b,25
2026-09-14T07:43:26,1,2026-09-14T06:00:00,103.4,457fd9f21014,100
2026-09-14T07:43:26,47,2026-09-14T06:00:00,103.4,a6686c323f20,100
2026-09-14T07:43:26,93,2026-09-14T06:00:00,103.4,8627988a6e9b,25
2026-09-14T07:53:27,1,2026-09-14T06:00:00,113.5,457fd9f21014,100
2026-09-14T07:53:27,47,2026-09-14T06:00:00,113.5,a6686c323f20,100
2026-09-14T07:53:27,93,2026-09-14T06:00:00,113.5,8627988a6e9b,25
2026-09-14T08:19:44,1,2026-09-14T07:00:00,79.7,59e63fa5ec34,100
2026-09-14T08:19:44,47,2026-09-14T07:00:00,79.7,ec028af0e842,100
2026-09-14T08:19:44,93,2026-09-14T07:00:00,79.7,4082bf13fc91,27
2026-09-14T08:29:45,1,2026-09-14T07:00:00,89.8,59e63fa5ec34,100
2026-09-14T08:29:45,47,2026-09-14T07:00:00,89.8,ec028af0e842,100
2026-09-14T08:29:45,93,2026-09-14T07:00:00,89.8,4082bf13fc91,27
2026-09-14T08:39:47,1,2026-09-14T07:00:00,99.8,59e63fa5ec34,100
2026-09-14T08:39:47,47,2026-09-14T07:00:00,99.8,ec028af0e842,100
2026-09-14T08:39:47,93,2026-09-14T07:00:00,99.8,4082bf13fc91,27
2026-09-14T08:49:46,1,2026-09-14T07:00:00,109.8,59e63fa5ec34,100
2026-09-14T08:49:46,47,2026-09-14T07:00:00,109.8,ec028af0e842,100
2026-09-14T08:49:46,93,2026-09-14T07:00:00,109.8,4082bf13fc91,27
2026-09-14T08:59:48,1,2026-09-14T07:00:00,119.8,59e63fa5ec34,100
2026-09-14T08:59:48,47,2026-09-14T07:00:00,119.8,ec028af0e842,100
2026-09-14T08:59:48,93,2026-09-14T07:00:00,119.8,4082bf13fc91,27
2026-09-14T09:09:51,1,2026-09-14T08:00:00,69.9,ce9f4d4879d6,100
2026-09-14T09:09:51,47,2026-09-14T08:00:00,69.9,53eeb8db14f8,100
2026-09-14T09:09:51,93,2026-09-14T08:00:00,69.9,b5c69e620764,28
2026-09-14T09:21:18,1,2026-09-14T08:00:00,81.3,ce9f4d4879d6,100
2026-09-14T09:21:18,47,2026-09-14T08:00:00,81.3,53eeb8db14f8,100
2026-09-14T09:21:18,93,2026-09-14T08:00:00,81.3,b5c69e620764,28
2026-09-14T11:27:33,1,2026-09-14T10:00:00,87.6,161d841395f3,100
2026-09-14T11:27:33,47,2026-09-14T10:00:00,87.6,90e1ce9152c4,100
2026-09-14T11:27:33,93,2026-09-14T10:00:00,87.6,404efcf73651,28
2026-09-14T11:37:54,1,2026-09-14T10:00:00,97.9,161d841395f3,100
2026-09-14T11:37:54,47,2026-09-14T10:00:00,97.9,90e1ce9152c4,100
2026-09-14T11:37:54,93,2026-09-14T10:00:00,97.9,404efcf73651,28
2026-09-14T11:47:57,1,2026-09-14T10:00:00,108.0,161d841395f3,100
2026-09-14T11:47:57,47,2026-09-14T10:00:00,108.0,90e1ce9152c4,100
2026-09-14T11:47:57,93,2026-09-14T10:00:00,108.0,404efcf73651,28
2026-09-14T14:04:27,1,2026-09-14T13:00:00,64.5,ed0dfb78f220,100
2026-09-14T14:04:27,47,2026-09-14T13:00:00,64.5,d5762955a80f,100
2026-09-14T14:04:27,93,2026-09-14T13:00:00,64.5,541529c6043f,30
2026-09-14T14:14:31,1,2026-09-14T13:00:00,74.5,ed0dfb78f220,100
2026-09-14T14:14:31,47,2026-09-14T13:00:00,74.5,d5762955a80f,100
2026-09-14T14:14:31,93,2026-09-14T13:00:00,74.5,541529c6043f,30
2026-09-14T14:24:35,1,2026-09-14T13:00:00,84.6,ed0dfb78f220,100
2026-09-14T14:24:35,47,2026-09-14T13:00:00,84.6,d5762955a80f,100
2026-09-14T14:24:35,93,2026-09-14T13:00:00,84.6,541529c6043f,30
2026-09-14T14:34:37,1,2026-09-14T13:00:00,94.6,ed0dfb78f220,100
2026-09-14T14:34:37,47,2026-09-14T13:00:00,94.6,d5762955a80f,100
2026-09-14T14:34:37,93,2026-09-14T13:00:00,94.6,541529c6043f,30
2026-09-14T14:44:39,1,2026-09-14T13:00:00,104.7,ed0dfb78f220,100
2026-09-14T14:44:39,47,2026-09-14T13:00:00,104.7,d5762955a80f,100
2026-09-14T14:44:39,93,2026-09-14T13:00:00,104.7,541529c6043f,30
2026-09-14T14:54:41,1,2026-09-14T13:00:00,114.7,ed0dfb78f220,100
2026-09-14T14:54:41,47,2026-09-14T13:00:00,114.7,d5762955a80f,100
2026-09-14T14:54:41,93,2026-09-14T13:00:00,114.7,541529c6043f,30
2026-09-14T15:04:43,1,2026-09-14T14:00:00,64.7,17dba42ff729,100
2026-09-14T15:04:43,47,2026-09-14T14:00:00,64.7,aaff460e8e58,100
2026-09-14T15:04:43,93,2026-09-14T14:00:00,64.7,ae38ab45d91a,31
2026-09-14T15:14:46,1,2026-09-14T14:00:00,74.8,17dba42ff729,100
2026-09-14T15:14:46,47,2026-09-14T14:00:00,74.8,aaff460e8e58,100
2026-09-14T15:14:46,93,2026-09-14T14:00:00,74.8,ae38ab45d91a,31
2026-09-14T15:24:49,1,2026-09-14T14:00:00,84.8,17dba42ff729,100
2026-09-14T15:24:49,47,2026-09-14T14:00:00,84.8,aaff460e8e58,100
2026-09-14T15:24:49,93,2026-09-14T14:00:00,84.8,ae38ab45d91a,31
2026-09-14T15:34:51,1,2026-09-14T14:00:00,94.9,17dba42ff729,100
2026-09-14T15:34:51,47,2026-09-14T14:00:00,94.9,aaff460e8e58,100
2026-09-14T15:34:51,93,2026-09-14T14:00:00,94.9,ae38ab45d91a,31
2026-09-14T15:44:52,1,2026-09-14T14:00:00,104.9,17dba42ff729,100
2026-09-14T15:44:52,47,2026-09-14T14:00:00,104.9,aaff460e8e58,100
2026-09-14T15:44:52,93,2026-09-14T14:00:00,104.9,ae38ab45d91a,31
2026-09-14T15:54:54,1,2026-09-14T14:00:00,114.9,17dba42ff729,100
2026-09-14T15:54:54,47,2026-09-14T14:00:00,114.9,aaff460e8e58,100
2026-09-14T15:54:54,93,2026-09-14T14:00:00,114.9,ae38ab45d91a,31
2026-09-14T16:04:55,1,2026-09-14T15:00:00,64.9,90d15222a750,100
2026-09-14T16:04:55,47,2026-09-14T15:00:00,64.9,14381c483c50,100
2026-09-14T16:04:55,93,2026-09-14T15:00:00,64.9,6751109220cd,27
2026-09-14T16:14:57,1,2026-09-14T15:00:00,75.0,90d15222a750,100
2026-09-14T16:14:57,47,2026-09-14T15:00:00,75.0,14381c483c50,100
2026-09-14T16:14:57,93,2026-09-14T15:00:00,75.0,6751109220cd,27
2026-09-14T19:38:55,1,2026-09-14T18:00:00,98.9,c48c2414f0e9,100
2026-09-14T19:38:55,47,2026-09-14T18:00:00,98.9,fa465bfb5acf,100
2026-09-14T19:38:55,93,2026-09-14T18:00:00,98.9,80123716777c,25
2026-09-14T19:48:56,1,2026-09-14T18:00:00,108.9,c48c2414f0e9,100
2026-09-14T19:48:56,47,2026-09-14T18:00:00,108.9,fa465bfb5acf,100
2026-09-14T19:48:56,93,2026-09-14T18:00:00,108.9,80123716777c,25
2026-09-14T19:58:58,1,2026-09-14T18:00:00,119.0,c48c2414f0e9,100
2026-09-14T19:58:58,47,2026-09-14T18:00:00,119.0,fa465bfb5acf,100
2026-09-14T19:58:58,93,2026-09-14T18:00:00,119.0,80123716777c,25
2026-09-14T20:08:59,1,2026-09-14T19:00:00,69.0,845bf1a80782,100
2026-09-14T20:08:59,47,2026-09-14T19:00:00,69.0,a8f78ff812b3,100
2026-09-14T20:08:59,93,2026-09-14T19:00:00,69.0,9818f9fc7ff2,24
2026-09-14T20:19:01,1,2026-09-14T19:00:00,79.0,845bf1a80782,100
2026-09-14T20:19:01,47,2026-09-14T19:00:00,79.0,a8f78ff812b3,100
2026-09-14T20:19:01,93,2026-09-14T19:00:00,79.0,9818f9fc7ff2,24
2026-09-14T20:29:03,1,2026-09-14T19:00:00,89.1,845bf1a80782,100
2026-09-14T20:29:03,47,2026-09-14T19:00:00,89.1,a8f78ff812b3,100
2026-09-14T20:29:03,93,2026-09-14T19:00:00,89.1,9818f9fc7ff2,24
2026-09-14T20:39:04,1,2026-09-14T19:00:00,99.1,845bf1a80782,100
2026-09-14T20:39:04,47,2026-09-14T19:00:00,99.1,a8f78ff812b3,100
2026-09-14T20:39:04,93,2026-09-14T19:00:00,99.1,9818f9fc7ff2,24
2026-09-14T20:49:05,1,2026-09-14T19:00:00,109.1,845bf1a80782,100
2026-09-14T20:49:05,47,2026-09-14T19:00:00,109.1,a8f78ff812b3,100
2026-09-14T20:49:05,93,2026-09-14T19:00:00,109.1,9818f9fc7ff2,24
2026-09-14T20:59:06,1,2026-09-14T19:00:00,119.1,845bf1a80782,100
2026-09-14T20:59:06,47,2026-09-14T19:00:00,119.1,a8f78ff812b3,100
2026-09-14T20:59:06,93,2026-09-14T19:00:00,119.1,9818f9fc7ff2,24
2026-09-14T21:09:09,1,2026-09-14T20:00:00,69.2,6298405e0bf4,100
2026-09-14T21:09:09,47,2026-09-14T20:00:00,69.2,67b4d1d27f44,100
2026-09-14T21:09:09,93,2026-09-14T20:00:00,69.2,6c953385c049,27
2026-09-14T21:19:11,1,2026-09-14T20:00:00,79.2,6298405e0bf4,100
2026-09-14T21:19:11,47,2026-09-14T20:00:00,79.2,67b4d1d27f44,100
2026-09-14T21:19:11,93,2026-09-14T20:00:00,79.2,6c953385c049,27
2026-09-14T21:29:11,1,2026-09-14T20:00:00,89.2,6298405e0bf4,100
2026-09-14T21:29:11,47,2026-09-14T20:00:00,89.2,67b4d1d27f44,100
2026-09-14T21:29:11,93,2026-09-14T20:00:00,89.2,6c953385c049,27
2026-09-14T21:39:12,1,2026-09-14T20:00:00,99.2,6298405e0bf4,100
2026-09-14T21:39:12,47,2026-09-14T20:00:00,99.2,67b4d1d27f44,100
2026-09-14T21:39:12,93,2026-09-14T20:00:00,99.2,6c953385c049,27
2026-09-14T21:49:14,1,2026-09-14T20:00:00,109.2,6298405e0bf4,100
2026-09-14T21:49:14,47,2026-09-14T20:00:00,109.2,67b4d1d27f44,100
2026-09-14T21:49:14,93,2026-09-14T20:00:00,109.2,6c953385c049,27
2026-09-14T21:59:16,1,2026-09-14T20:00:00,119.3,6298405e0bf4,100
2026-09-14T21:59:16,47,2026-09-14T20:00:00,119.3,67b4d1d27f44,100
2026-09-14T21:59:16,93,2026-09-14T20:00:00,119.3,6c953385c049,27
2026-09-14T22:09:17,1,2026-09-14T21:00:00,69.3,e3c38be2692e,100
2026-09-14T22:09:17,47,2026-09-14T21:00:00,69.3,4bd846c19e3a,100
2026-09-14T22:09:17,93,2026-09-14T21:00:00,69.3,87b1342a5292,25
2026-09-14T22:19:18,1,2026-09-14T21:00:00,79.3,e3c38be2692e,100
2026-09-14T22:19:18,47,2026-09-14T21:00:00,79.3,4bd846c19e3a,100
2026-09-14T22:19:18,93,2026-09-14T21:00:00,79.3,87b1342a5292,25
2026-09-14T22:29:20,1,2026-09-14T21:00:00,89.3,e3c38be2692e,100
2026-09-14T22:29:20,47,2026-09-14T21:00:00,89.3,4bd846c19e3a,100
2026-09-14T22:29:20,93,2026-09-14T21:00:00,89.3,87b1342a5292,25
2026-09-14T22:39:21,1,2026-09-14T21:00:00,99.4,e3c38be2692e,100
2026-09-14T22:39:21,47,2026-09-14T21:00:00,99.4,4bd846c19e3a,100
2026-09-14T22:39:21,93,2026-09-14T21:00:00,99.4,87b1342a5292,25
2026-09-14T22:49:23,1,2026-09-14T21:00:00,109.4,e3c38be2692e,100
2026-09-14T22:49:23,47,2026-09-14T21:00:00,109.4,4bd846c19e3a,100
2026-09-14T22:49:23,93,2026-09-14T21:00:00,109.4,87b1342a5292,25
2026-09-14T22:59:24,1,2026-09-14T21:00:00,119.4,e3c38be2692e,100
2026-09-14T22:59:24,47,2026-09-14T21:00:00,119.4,4bd846c19e3a,100
2026-09-14T22:59:24,93,2026-09-14T21:00:00,119.4,87b1342a5292,25
2026-09-14T23:09:25,1,2026-09-14T22:00:00,69.4,15cb94c9b62f,100
2026-09-14T23:09:25,47,2026-09-14T22:00:00,69.4,36c9d51e2203,100
2026-09-14T23:09:25,93,2026-09-14T22:00:00,69.4,d1793a35bb56,23
2026-09-14T23:19:26,1,2026-09-14T22:00:00,79.4,15cb94c9b62f,100
2026-09-14T23:19:26,47,2026-09-14T22:00:00,79.4,36c9d51e2203,100
2026-09-14T23:19:26,93,2026-09-14T22:00:00,79.4,d1793a35bb56,23
2026-09-14T23:29:28,1,2026-09-14T22:00:00,89.5,15cb94c9b62f,100
2026-09-14T23:29:28,47,2026-09-14T22:00:00,89.5,36c9d51e2203,100
2026-09-14T23:29:28,93,2026-09-14T22:00:00,89.5,d1793a35bb56,23
2026-09-14T23:39:29,1,2026-09-14T22:00:00,99.5,15cb94c9b62f,100
2026-09-14T23:39:29,47,2026-09-14T22:00:00,99.5,36c9d51e2203,100
2026-09-14T23:39:29,93,2026-09-14T22:00:00,99.5,d1793a35bb56,23
2026-09-14T23:49:30,1,2026-09-14T22:00:00,109.5,15cb94c9b62f,100
2026-09-14T23:49:30,47,2026-09-14T22:00:00,109.5,36c9d51e2203,100
2026-09-14T23:49:30,93,2026-09-14T22:00:00,109.5,d1793a35bb56,23
2026-09-14T23:59:31,1,2026-09-14T22:00:00,119.5,15cb94c9b62f,100
2026-09-14T23:59:31,47,2026-09-14T22:00:00,119.5,36c9d51e2203,100
2026-09-14T23:59:31,93,2026-09-14T22:00:00,119.5,d1793a35bb56,23
2026-09-15T00:09:33,1,2026-09-14T23:00:00,69.6,d205e0b09aa8,100
2026-09-15T00:09:33,47,2026-09-14T23:00:00,69.6,8c5b16e6675b,100
2026-09-15T00:09:33,93,2026-09-14T23:00:00,69.6,8755978fb2c6,1
2026-09-15T00:19:34,1,2026-09-14T23:00:00,79.6,d205e0b09aa8,100
2026-09-15T00:19:34,47,2026-09-14T23:00:00,79.6,8c5b16e6675b,100
2026-09-15T00:19:34,93,2026-09-14T23:00:00,79.6,8755978fb2c6,1
2026-09-15T00:29:37,1,2026-09-14T23:00:00,89.6,d205e0b09aa8,100
2026-09-15T00:29:37,47,2026-09-14T23:00:00,89.6,8c5b16e6675b,100
2026-09-15T00:29:37,93,2026-09-14T23:00:00,89.6,8755978fb2c6,1
2026-09-15T00:39:38,1,2026-09-14T23:00:00,99.6,d205e0b09aa8,100
2026-09-15T00:39:38,47,2026-09-14T23:00:00,99.6,8c5b16e6675b,100
2026-09-15T00:39:38,93,2026-09-14T23:00:00,99.6,8755978fb2c6,1
2026-09-15T00:49:39,1,2026-09-14T23:00:00,109.7,d205e0b09aa8,100
2026-09-15T00:49:39,47,2026-09-14T23:00:00,109.7,8c5b16e6675b,100
2026-09-15T00:49:39,93,2026-09-14T23:00:00,109.7,8755978fb2c6,1
2026-09-15T00:59:40,1,2026-09-14T23:00:00,119.7,d205e0b09aa8,100
2026-09-15T00:59:40,47,2026-09-14T23:00:00,119.7,8c5b16e6675b,100
2026-09-15T00:59:40,93,2026-09-14T23:00:00,119.7,8755978fb2c6,1
2026-09-15T07:06:08,1,2026-09-15T06:00:00,66.1,68ae32d6eb97,100
2026-09-15T07:06:08,47,2026-09-15T06:00:00,66.1,0a60d9315586,100
2026-09-15T07:06:08,93,2026-09-15T06:00:00,66.1,88a021dc7f11,22
2026-09-15T07:16:09,1,2026-09-15T06:00:00,76.2,68ae32d6eb97,100
2026-09-15T07:16:09,47,2026-09-15T06:00:00,76.2,0a60d9315586,100
2026-09-15T07:16:09,93,2026-09-15T06:00:00,76.2,88a021dc7f11,22
2026-09-15T07:26:10,1,2026-09-15T06:00:00,86.2,68ae32d6eb97,100
2026-09-15T07:26:10,47,2026-09-15T06:00:00,86.2,0a60d9315586,100
2026-09-15T07:26:10,93,2026-09-15T06:00:00,86.2,88a021dc7f11,22
2026-09-15T07:36:12,1,2026-09-15T06:00:00,96.2,68ae32d6eb97,100
2026-09-15T07:36:12,47,2026-09-15T06:00:00,96.2,0a60d9315586,100
2026-09-15T07:36:12,93,2026-09-15T06:00:00,96.2,88a021dc7f11,22
2026-09-15T07:46:12,1,2026-09-15T06:00:00,106.2,68ae32d6eb97,100
2026-09-15T07:46:12,47,2026-09-15T06:00:00,106.2,0a60d9315586,100
2026-09-15T07:46:12,93,2026-09-15T06:00:00,106.2,88a021dc7f11,22
2026-09-15T07:56:14,1,2026-09-15T06:00:00,116.2,68ae32d6eb97,100
2026-09-15T07:56:14,47,2026-09-15T06:00:00,116.2,0a60d9315586,100
2026-09-15T07:56:14,93,2026-09-15T06:00:00,116.2,88a021dc7f11,22
2026-09-15T08:06:15,1,2026-09-15T07:00:00,66.3,da71ae70ccf9,100
2026-09-15T08:06:15,47,2026-09-15T07:00:00,66.3,f0e77edecb5f,100
2026-09-15T08:06:15,93,2026-09-15T07:00:00,66.3,e8b70efd2bef,24
2026-09-15T08:16:15,1,2026-09-15T07:00:00,76.3,da71ae70ccf9,100
2026-09-15T08:16:15,47,2026-09-15T07:00:00,76.3,f0e77edecb5f,100
2026-09-15T08:16:15,93,2026-09-15T07:00:00,76.3,e8b70efd2bef,24
2026-09-15T08:26:17,1,2026-09-15T07:00:00,86.3,da71ae70ccf9,100
2026-09-15T08:26:17,47,2026-09-15T07:00:00,86.3,f0e77edecb5f,100
2026-09-15T08:26:17,93,2026-09-15T07:00:00,86.3,e8b70efd2bef,24
2026-09-15T08:36:18,1,2026-09-15T07:00:00,96.3,da71ae70ccf9,100
2026-09-15T08:36:18,47,2026-09-15T07:00:00,96.3,f0e77edecb5f,100
2026-09-15T08:36:18,93,2026-09-15T07:00:00,96.3,e8b70efd2bef,24
2026-09-15T08:46:19,1,2026-09-15T07:00:00,106.3,da71ae70ccf9,100
2026-09-15T08:46:19,47,2026-09-15T07:00:00,106.3,f0e77edecb5f,100
2026-09-15T08:46:19,93,2026-09-15T07:00:00,106.3,e8b70efd2bef,24
2026-09-15T08:56:20,1,2026-09-15T07:00:00,116.3,da71ae70ccf9,100
2026-09-15T08:56:20,47,2026-09-15T07:00:00,116.3,f0e77edecb5f,100
2026-09-15T08:56:20,93,2026-09-15T07:00:00,116.3,e8b70efd2bef,24
2026-09-15T09:06:23,1,2026-09-15T08:00:00,66.4,58aacf3e64b8,100
2026-09-15T09:06:23,47,2026-09-15T08:00:00,66.4,129ce5b2cfc1,100
2026-09-15T09:06:23,93,2026-09-15T08:00:00,66.4,b445621da1ac,26
2026-09-15T09:16:24,1,2026-09-15T08:00:00,76.4,58aacf3e64b8,100
2026-09-15T09:16:24,47,2026-09-15T08:00:00,76.4,129ce5b2cfc1,100
2026-09-15T09:16:24,93,2026-09-15T08:00:00,76.4,b445621da1ac,26
2026-09-15T09:26:26,1,2026-09-15T08:00:00,86.4,58aacf3e64b8,100
2026-09-15T09:26:26,47,2026-09-15T08:00:00,86.4,129ce5b2cfc1,100
2026-09-15T09:26:26,93,2026-09-15T08:00:00,86.4,b445621da1ac,26
2026-09-15T09:36:27,1,2026-09-15T08:00:00,96.5,58aacf3e64b8,100
2026-09-15T09:36:27,47,2026-09-15T08:00:00,96.5,129ce5b2cfc1,100
2026-09-15T09:36:27,93,2026-09-15T08:00:00,96.5,b445621da1ac,26
2026-09-15T09:46:28,1,2026-09-15T08:00:00,106.5,58aacf3e64b8,100
2026-09-15T09:46:28,47,2026-09-15T08:00:00,106.5,129ce5b2cfc1,100
2026-09-15T09:46:28,93,2026-09-15T08:00:00,106.5,b445621da1ac,26
2026-09-15T09:56:29,1,2026-09-15T08:00:00,116.5,58aacf3e64b8,100
2026-09-15T09:56:29,47,2026-09-15T08:00:00,116.5,129ce5b2cfc1,100
2026-09-15T09:56:29,93,2026-09-15T08:00:00,116.5,b445621da1ac,26
2026-09-15T10:06:33,1,2026-09-15T09:00:00,66.6,7ea600490d64,100
2026-09-15T10:06:33,47,2026-09-15T09:00:00,66.6,3075a3374c19,100
2026-09-15T10:06:33,93,2026-09-15T09:00:00,66.6,db045c27d128,28
2026-09-15T10:16:34,1,2026-09-15T09:00:00,76.6,7ea600490d64,100
2026-09-15T10:16:34,47,2026-09-15T09:00:00,76.6,3075a3374c19,100
2026-09-15T10:16:34,93,2026-09-15T09:00:00,76.6,db045c27d128,28
2026-09-15T10:26:35,1,2026-09-15T09:00:00,86.6,7ea600490d64,100
2026-09-15T10:26:35,47,2026-09-15T09:00:00,86.6,3075a3374c19,100
2026-09-15T10:26:35,93,2026-09-15T09:00:00,86.6,db045c27d128,28
2026-09-15T10:36:36,1,2026-09-15T09:00:00,96.6,7ea600490d64,100
2026-09-15T10:36:36,47,2026-09-15T09:00:00,96.6,3075a3374c19,100
2026-09-15T10:36:36,93,2026-09-15T09:00:00,96.6,db045c27d128,28
2026-09-15T10:46:38,1,2026-09-15T09:00:00,106.6,7ea600490d64,100
2026-09-15T10:46:38,47,2026-09-15T09:00:00,106.6,3075a3374c19,100
2026-09-15T10:46:38,93,2026-09-15T09:00:00,106.6,db045c27d128,28
2026-09-15T10:56:39,1,2026-09-15T09:00:00,116.7,7ea600490d64,100
2026-09-15T10:56:39,47,2026-09-15T09:00:00,116.7,3075a3374c19,100
2026-09-15T10:56:39,93,2026-09-15T09:00:00,116.7,db045c27d128,28
2026-09-15T11:24:01,1,2026-09-15T10:00:00,84.0,81b0dd693219,100
2026-09-15T11:24:01,47,2026-09-15T10:00:00,84.0,50811317d156,100
2026-09-15T11:24:01,93,2026-09-15T10:00:00,84.0,fe0d83d6096a,25
2026-09-15T11:34:02,1,2026-09-15T10:00:00,94.0,81b0dd693219,100
2026-09-15T11:34:02,47,2026-09-15T10:00:00,94.0,50811317d156,100
2026-09-15T11:34:02,93,2026-09-15T10:00:00,94.0,fe0d83d6096a,25
2026-09-15T14:12:18,1,2026-09-15T13:00:00,72.3,5344c76f3875,100
2026-09-15T14:12:18,47,2026-09-15T13:00:00,72.3,f7cb0e3915c3,100
2026-09-15T14:12:18,93,2026-09-15T13:00:00,72.3,2547f5e1abb8,31
2026-09-15T14:22:19,1,2026-09-15T13:00:00,82.3,5344c76f3875,100
2026-09-15T14:22:19,47,2026-09-15T13:00:00,82.3,f7cb0e3915c3,100
2026-09-15T14:22:19,93,2026-09-15T13:00:00,82.3,2547f5e1abb8,31
2026-09-15T14:32:23,1,2026-09-15T13:00:00,92.4,5344c76f3875,100
2026-09-15T14:32:23,47,2026-09-15T13:00:00,92.4,f7cb0e3915c3,100
2026-09-15T14:32:23,93,2026-09-15T13:00:00,92.4,2547f5e1abb8,31
2026-09-15T14:42:25,1,2026-09-15T13:00:00,102.4,5344c76f3875,100
2026-09-15T14:42:25,47,2026-09-15T13:00:00,102.4,f7cb0e3915c3,100
2026-09-15T14:42:25,93,2026-09-15T13:00:00,102.4,2547f5e1abb8,31
2026-09-15T15:02:44,1,2026-09-15T14:00:00,62.7,137be9ce62b0,100
2026-09-15T15:02:44,47,2026-09-15T14:00:00,62.7,cd1e4554ce88,100
2026-09-15T15:02:44,93,2026-09-15T14:00:00,62.7,fee28ab9a0d0,30
2026-09-15T15:12:46,1,2026-09-15T14:00:00,72.8,137be9ce62b0,100
2026-09-15T15:12:46,47,2026-09-15T14:00:00,72.8,cd1e4554ce88,100
2026-09-15T15:12:46,93,2026-09-15T14:00:00,72.8,fee28ab9a0d0,30
2026-09-15T16:55:46,1,2026-09-15T15:00:00,115.8,0902111174ae,100
2026-09-15T16:55:46,47,2026-09-15T15:00:00,115.8,075daaa9b388,100
2026-09-15T16:55:46,93,2026-09-15T15:00:00,115.8,5bb744980b48,31
2026-09-15T17:05:48,1,2026-09-15T16:00:00,65.8,7621cf287747,100
2026-09-15T17:05:48,47,2026-09-15T16:00:00,65.8,ad0ab284d487,100
2026-09-15T17:05:48,93,2026-09-15T16:00:00,65.8,575b40ab929c,31
2026-09-15T17:15:49,1,2026-09-15T16:00:00,75.8,7621cf287747,100
2026-09-15T17:15:49,47,2026-09-15T16:00:00,75.8,ad0ab284d487,100
2026-09-15T17:15:49,93,2026-09-15T16:00:00,75.8,575b40ab929c,31
2026-09-15T17:25:51,1,2026-09-15T16:00:00,85.9,7621cf287747,100
2026-09-15T17:25:51,47,2026-09-15T16:00:00,85.9,ad0ab284d487,100
2026-09-15T17:25:51,93,2026-09-15T16:00:00,85.9,575b40ab929c,31
2026-09-15T17:35:52,1,2026-09-15T16:00:00,95.9,7621cf287747,100
2026-09-15T17:35:52,47,2026-09-15T16:00:00,95.9,ad0ab284d487,100
2026-09-15T17:35:52,93,2026-09-15T16:00:00,95.9,575b40ab929c,31
2026-09-15T17:45:53,1,2026-09-15T16:00:00,105.9,7621cf287747,100
2026-09-15T17:45:53,47,2026-09-15T16:00:00,105.9,ad0ab284d487,100
2026-09-15T17:45:53,93,2026-09-15T16:00:00,105.9,575b40ab929c,31
2026-09-15T17:55:55,1,2026-09-15T16:00:00,115.9,7621cf287747,100
2026-09-15T17:55:55,47,2026-09-15T16:00:00,115.9,ad0ab284d487,100
2026-09-15T17:55:55,93,2026-09-15T16:00:00,115.9,575b40ab929c,31
2026-09-15T19:15:27,1,2026-09-15T18:00:00,75.5,111f8acffc40,100
2026-09-15T19:15:27,47,2026-09-15T18:00:00,75.5,34ba16fb7183,100
2026-09-15T19:15:27,93,2026-09-15T18:00:00,75.5,0bb8bd8eb9c1,28
2026-09-15T19:25:29,1,2026-09-15T18:00:00,85.5,111f8acffc40,100
2026-09-15T19:25:29,47,2026-09-15T18:00:00,85.5,34ba16fb7183,100
2026-09-15T19:25:29,93,2026-09-15T18:00:00,85.5,0bb8bd8eb9c1,28
2026-09-15T19:35:30,1,2026-09-15T18:00:00,95.5,111f8acffc40,100
2026-09-15T19:35:30,47,2026-09-15T18:00:00,95.5,34ba16fb7183,100
2026-09-15T19:35:30,93,2026-09-15T18:00:00,95.5,0bb8bd8eb9c1,28
2026-09-15T19:45:31,1,2026-09-15T18:00:00,105.5,111f8acffc40,100
2026-09-15T19:45:31,47,2026-09-15T18:00:00,105.5,34ba16fb7183,100
2026-09-15T19:45:31,93,2026-09-15T18:00:00,105.5,0bb8bd8eb9c1,28
2026-09-15T19:55:32,1,2026-09-15T18:00:00,115.5,111f8acffc40,100
2026-09-15T19:55:32,47,2026-09-15T18:00:00,115.5,34ba16fb7183,100
2026-09-15T19:55:32,93,2026-09-15T18:00:00,115.5,0bb8bd8eb9c1,28
2026-09-15T20:05:34,1,2026-09-15T19:00:00,65.6,6020d93de874,100
2026-09-15T20:05:34,47,2026-09-15T19:00:00,65.6,0e77e2ae9c1d,100
2026-09-15T20:05:34,93,2026-09-15T19:00:00,65.6,43faed75ca51,29
2026-09-15T20:15:35,1,2026-09-15T19:00:00,75.6,6020d93de874,100
2026-09-15T20:15:35,47,2026-09-15T19:00:00,75.6,0e77e2ae9c1d,100
2026-09-15T20:15:35,93,2026-09-15T19:00:00,75.6,43faed75ca51,29
2026-09-15T20:25:37,1,2026-09-15T19:00:00,85.6,6020d93de874,100
2026-09-15T20:25:37,47,2026-09-15T19:00:00,85.6,0e77e2ae9c1d,100
2026-09-15T20:25:37,93,2026-09-15T19:00:00,85.6,43faed75ca51,29
2026-09-15T20:35:38,1,2026-09-15T19:00:00,95.6,6020d93de874,100
2026-09-15T20:35:38,47,2026-09-15T19:00:00,95.6,0e77e2ae9c1d,100
2026-09-15T20:35:38,93,2026-09-15T19:00:00,95.6,43faed75ca51,29
2026-09-15T20:45:41,1,2026-09-15T19:00:00,105.7,6020d93de874,100
2026-09-15T20:45:41,47,2026-09-15T19:00:00,105.7,0e77e2ae9c1d,100
2026-09-15T20:45:41,93,2026-09-15T19:00:00,105.7,43faed75ca51,29
2026-09-15T20:55:43,1,2026-09-15T19:00:00,115.7,6020d93de874,100
2026-09-15T20:55:43,47,2026-09-15T19:00:00,115.7,0e77e2ae9c1d,100
2026-09-15T20:55:43,93,2026-09-15T19:00:00,115.7,43faed75ca51,29
2026-09-15T21:05:44,1,2026-09-15T20:00:00,65.7,d0a13a88dcd9,100
2026-09-15T21:05:44,47,2026-09-15T20:00:00,65.7,12098c6b156d,100
2026-09-15T21:05:44,93,2026-09-15T20:00:00,65.7,9c77dc69ea58,26
2026-09-15T21:15:46,1,2026-09-15T20:00:00,75.8,d0a13a88dcd9,100
2026-09-15T21:15:46,47,2026-09-15T20:00:00,75.8,12098c6b156d,100
2026-09-15T21:15:46,93,2026-09-15T20:00:00,75.8,9c77dc69ea58,26
2026-09-15T21:25:48,1,2026-09-15T20:00:00,85.8,d0a13a88dcd9,100
2026-09-15T21:25:48,47,2026-09-15T20:00:00,85.8,12098c6b156d,100
2026-09-15T21:25:48,93,2026-09-15T20:00:00,85.8,9c77dc69ea58,26
2026-09-15T21:35:49,1,2026-09-15T20:00:00,95.8,d0a13a88dcd9,100
2026-09-15T21:35:49,47,2026-09-15T20:00:00,95.8,12098c6b156d,100
2026-09-15T21:35:49,93,2026-09-15T20:00:00,95.8,9c77dc69ea58,26
2026-09-16T00:37:17,1,2026-09-15T23:00:00,97.3,e8b480e02068,100
2026-09-16T00:37:17,47,2026-09-15T23:00:00,97.3,c840b0d033fb,100
2026-09-16T00:37:17,93,2026-09-15T23:00:00,97.3,f543d7030c73,6
2026-09-16T00:47:19,1,2026-09-15T23:00:00,107.3,e8b480e02068,100
2026-09-16T00:47:19,47,2026-09-15T23:00:00,107.3,c840b0d033fb,100
2026-09-16T00:47:19,93,2026-09-15T23:00:00,107.3,f543d7030c73,6
2026-09-16T00:57:21,1,2026-09-15T23:00:00,117.4,e8b480e02068,100
2026-09-16T00:57:21,47,2026-09-15T23:00:00,117.4,c840b0d033fb,100
2026-09-16T00:57:21,93,2026-09-15T23:00:00,117.4,f543d7030c73,6
2026-09-16T07:01:16,1,2026-09-16T06:00:00,61.3,97f073f0f629,100
2026-09-16T07:01:16,47,2026-09-16T06:00:00,61.3,5d48df06fd78,100
2026-09-16T07:01:16,93,2026-09-16T06:00:00,61.3,d4612c7d1277,24
2026-09-16T07:11:17,1,2026-09-16T06:00:00,71.3,97f073f0f629,100
2026-09-16T07:11:17,47,2026-09-16T06:00:00,71.3,5d48df06fd78,100
2026-09-16T07:11:17,93,2026-09-16T06:00:00,71.3,d4612c7d1277,24
2026-09-16T07:21:18,1,2026-09-16T06:00:00,81.3,97f073f0f629,100
2026-09-16T07:21:18,47,2026-09-16T06:00:00,81.3,5d48df06fd78,100
2026-09-16T07:21:18,93,2026-09-16T06:00:00,81.3,d4612c7d1277,24
2026-09-16T07:31:19,1,2026-09-16T06:00:00,91.3,97f073f0f629,100
2026-09-16T07:31:19,47,2026-09-16T06:00:00,91.3,5d48df06fd78,100
2026-09-16T07:31:19,93,2026-09-16T06:00:00,91.3,d4612c7d1277,24
2026-09-16T07:41:20,1,2026-09-16T06:00:00,101.3,97f073f0f629,100
2026-09-16T07:41:20,47,2026-09-16T06:00:00,101.3,5d48df06fd78,100
2026-09-16T07:41:20,93,2026-09-16T06:00:00,101.3,d4612c7d1277,24
2026-09-16T07:51:20,1,2026-09-16T06:00:00,111.3,97f073f0f629,100
2026-09-16T07:51:20,47,2026-09-16T06:00:00,111.3,5d48df06fd78,100
2026-09-16T07:51:20,93,2026-09-16T06:00:00,111.3,d4612c7d1277,24
2026-09-16T08:01:22,1,2026-09-16T07:00:00,61.4,5a2ad4534dcf,100
2026-09-16T08:01:22,47,2026-09-16T07:00:00,61.4,66e1937a6ad0,100
2026-09-16T08:01:22,93,2026-09-16T07:00:00,61.4,ec83ac59d87e,30
2026-09-16T08:11:23,1,2026-09-16T07:00:00,71.4,5a2ad4534dcf,100
2026-09-16T08:11:23,47,2026-09-16T07:00:00,71.4,66e1937a6ad0,100
2026-09-16T08:11:23,93,2026-09-16T07:00:00,71.4,ec83ac59d87e,30
2026-09-16T08:21:24,1,2026-09-16T07:00:00,81.4,5a2ad4534dcf,100
2026-09-16T08:21:24,47,2026-09-16T07:00:00,81.4,66e1937a6ad0,100
2026-09-16T08:21:24,93,2026-09-16T07:00:00,81.4,ec83ac59d87e,30
2026-09-16T08:31:25,1,2026-09-16T07:00:00,91.4,5a2ad4534dcf,100
2026-09-16T08:31:25,47,2026-09-16T07:00:00,91.4,66e1937a6ad0,100
2026-09-16T08:31:25,93,2026-09-16T07:00:00,91.4,ec83ac59d87e,30
2026-09-16T08:41:27,1,2026-09-16T07:00:00,101.5,5a2ad4534dcf,100
2026-09-16T08:41:27,47,2026-09-16T07:00:00,101.5,66e1937a6ad0,100
2026-09-16T08:41:27,93,2026-09-16T07:00:00,101.5,ec83ac59d87e,30
2026-09-16T08:51:27,1,2026-09-16T07:00:00,111.5,5a2ad4534dcf,100
2026-09-16T08:51:27,47,2026-09-16T07:00:00,111.5,66e1937a6ad0,100
2026-09-16T08:51:27,93,2026-09-16T07:00:00,111.5,ec83ac59d87e,30
2026-09-16T09:01:28,1,2026-09-16T08:00:00,61.5,4cda2e8d98ae,100
2026-09-16T09:01:28,47,2026-09-16T08:00:00,61.5,4f7c4fc6015b,100
2026-09-16T09:01:28,93,2026-09-16T08:00:00,61.5,cf050e8728c6,31
2026-09-16T09:11:30,1,2026-09-16T08:00:00,71.5,4cda2e8d98ae,100
2026-09-16T09:11:30,47,2026-09-16T08:00:00,71.5,4f7c4fc6015b,100
2026-09-16T09:11:30,93,2026-09-16T08:00:00,71.5,cf050e8728c6,31
2026-09-16T09:21:31,1,2026-09-16T08:00:00,81.5,4cda2e8d98ae,100
2026-09-16T09:21:31,47,2026-09-16T08:00:00,81.5,4f7c4fc6015b,100
2026-09-16T09:21:31,93,2026-09-16T08:00:00,81.5,cf050e8728c6,31
2026-09-16T09:31:32,1,2026-09-16T08:00:00,91.5,4cda2e8d98ae,100
2026-09-16T09:31:32,47,2026-09-16T08:00:00,91.5,4f7c4fc6015b,100
2026-09-16T09:31:32,93,2026-09-16T08:00:00,91.5,cf050e8728c6,31
2026-09-16T09:41:33,1,2026-09-16T08:00:00,101.6,4cda2e8d98ae,100
2026-09-16T09:41:33,47,2026-09-16T08:00:00,101.6,4f7c4fc6015b,100
2026-09-16T09:41:33,93,2026-09-16T08:00:00,101.6,cf050e8728c6,31
2026-09-16T09:51:34,1,2026-09-16T08:00:00,111.6,4cda2e8d98ae,100
2026-09-16T09:51:34,47,2026-09-16T08:00:00,111.6,4f7c4fc6015b,100
2026-09-16T09:51:34,93,2026-09-16T08:00:00,111.6,cf050e8728c6,31
2026-09-16T10:01:35,1,2026-09-16T09:00:00,61.6,d05f4e0f0777,100
2026-09-16T10:01:35,47,2026-09-16T09:00:00,61.6,ff789c089d43,100
2026-09-16T10:01:35,93,2026-09-16T09:00:00,61.6,04e450fa95b0,31
2026-09-16T10:11:36,1,2026-09-16T09:00:00,71.6,d05f4e0f0777,100
2026-09-16T10:11:36,47,2026-09-16T09:00:00,71.6,ff789c089d43,100
2026-09-16T10:11:36,93,2026-09-16T09:00:00,71.6,04e450fa95b0,31
2026-09-16T10:21:37,1,2026-09-16T09:00:00,81.6,d05f4e0f0777,100
2026-09-16T10:21:37,47,2026-09-16T09:00:00,81.6,ff789c089d43,100
2026-09-16T10:21:37,93,2026-09-16T09:00:00,81.6,04e450fa95b0,31
2026-09-16T10:31:38,1,2026-09-16T09:00:00,91.6,d05f4e0f0777,100
2026-09-16T10:31:38,47,2026-09-16T09:00:00,91.6,ff789c089d43,100
2026-09-16T10:31:38,93,2026-09-16T09:00:00,91.6,04e450fa95b0,31
2026-09-16T10:41:39,1,2026-09-16T09:00:00,101.7,d05f4e0f0777,100
2026-09-16T10:41:39,47,2026-09-16T09:00:00,101.7,ff789c089d43,100
2026-09-16T10:41:39,93,2026-09-16T09:00:00,101.7,04e450fa95b0,31
2026-09-16T10:51:40,1,2026-09-16T09:00:00,111.7,d05f4e0f0777,100
2026-09-16T10:51:40,47,2026-09-16T09:00:00,111.7,ff789c089d43,100
2026-09-16T10:51:40,93,2026-09-16T09:00:00,111.7,04e450fa95b0,31
2026-09-16T11:01:41,1,2026-09-16T10:00:00,61.7,6cc84f373074,100
2026-09-16T11:01:41,47,2026-09-16T10:00:00,61.7,2ccb6c02fef8,100
2026-09-16T11:01:41,93,2026-09-16T10:00:00,61.7,e47ff0a8ea1a,30
2026-09-16T11:11:43,1,2026-09-16T10:00:00,71.7,6cc84f373074,100
2026-09-16T11:11:43,47,2026-09-16T10:00:00,71.7,2ccb6c02fef8,100
2026-09-16T11:11:43,93,2026-09-16T10:00:00,71.7,e47ff0a8ea1a,30
2026-09-16T12:29:33,1,2026-09-16T11:00:00,89.6,8e646e8f4dd8,100
2026-09-16T12:29:33,47,2026-09-16T11:00:00,89.6,724a10ff5a7d,100
2026-09-16T12:29:33,93,2026-09-16T11:00:00,89.6,7f5a027fe971,30
2026-09-16T12:39:34,1,2026-09-16T11:00:00,99.6,8e646e8f4dd8,100
2026-09-16T12:39:34,47,2026-09-16T11:00:00,99.6,724a10ff5a7d,100
2026-09-16T12:39:34,93,2026-09-16T11:00:00,99.6,7f5a027fe971,30
2026-09-16T13:09:05,1,2026-09-16T12:00:00,69.1,94cf6d2b554a,100
2026-09-16T13:09:05,47,2026-09-16T12:00:00,69.1,a92fc737aab5,100
2026-09-16T13:09:05,93,2026-09-16T12:00:00,69.1,1e5e423792a4,29
2026-09-16T13:19:06,1,2026-09-16T12:00:00,79.1,94cf6d2b554a,100
2026-09-16T13:19:06,47,2026-09-16T12:00:00,79.1,a92fc737aab5,100
2026-09-16T13:19:06,93,2026-09-16T12:00:00,79.1,1e5e423792a4,29
2026-09-16T13:29:08,1,2026-09-16T12:00:00,89.1,94cf6d2b554a,100
2026-09-16T13:29:08,47,2026-09-16T12:00:00,89.1,a92fc737aab5,100
2026-09-16T13:29:08,93,2026-09-16T12:00:00,89.1,1e5e423792a4,29
2026-09-16T13:39:09,1,2026-09-16T12:00:00,99.2,94cf6d2b554a,100
2026-09-16T13:39:09,47,2026-09-16T12:00:00,99.2,a92fc737aab5,100
2026-09-16T13:39:09,93,2026-09-16T12:00:00,99.2,1e5e423792a4,29
2026-09-16T13:49:10,1,2026-09-16T12:00:00,109.2,94cf6d2b554a,100
2026-09-16T13:49:10,47,2026-09-16T12:00:00,109.2,a92fc737aab5,100
2026-09-16T13:49:10,93,2026-09-16T12:00:00,109.2,1e5e423792a4,29
2026-09-16T13:59:12,1,2026-09-16T12:00:00,119.2,94cf6d2b554a,100
2026-09-16T13:59:12,47,2026-09-16T12:00:00,119.2,a92fc737aab5,100
2026-09-16T13:59:12,93,2026-09-16T12:00:00,119.2,1e5e423792a4,29
2026-09-16T14:09:12,1,2026-09-16T13:00:00,69.2,9674e5fba37a,100
2026-09-16T14:09:12,47,2026-09-16T13:00:00,69.2,b7574af2619b,100
2026-09-16T14:09:12,93,2026-09-16T13:00:00,69.2,4625d2b6b57a,32
2026-09-16T14:19:13,1,2026-09-16T13:00:00,79.2,9674e5fba37a,100
2026-09-16T14:19:13,47,2026-09-16T13:00:00,79.2,b7574af2619b,100
2026-09-16T14:19:13,93,2026-09-16T13:00:00,79.2,4625d2b6b57a,32
2026-09-16T14:29:14,1,2026-09-16T13:00:00,89.2,9674e5fba37a,100
2026-09-16T14:29:14,47,2026-09-16T13:00:00,89.2,b7574af2619b,100
2026-09-16T14:29:14,93,2026-09-16T13:00:00,89.2,4625d2b6b57a,32
2026-09-16T14:39:16,1,2026-09-16T13:00:00,99.3,9674e5fba37a,100
2026-09-16T14:39:16,47,2026-09-16T13:00:00,99.3,b7574af2619b,100
2026-09-16T14:39:16,93,2026-09-16T13:00:00,99.3,4625d2b6b57a,32
2026-09-16T17:16:23,1,2026-09-16T16:00:00,76.4,7c5594a08f37,100
2026-09-16T17:16:23,47,2026-09-16T16:00:00,76.4,80457eea740e,100
2026-09-16T17:16:23,93,2026-09-16T16:00:00,76.4,5b69b5224388,32
2026-09-16T17:26:24,1,2026-09-16T16:00:00,86.4,7c5594a08f37,100
2026-09-16T17:26:24,47,2026-09-16T16:00:00,86.4,80457eea740e,100
2026-09-16T17:26:24,93,2026-09-16T16:00:00,86.4,5b69b5224388,32
2026-09-16T17:36:26,1,2026-09-16T16:00:00,96.4,7c5594a08f37,100
2026-09-16T17:36:26,47,2026-09-16T16:00:00,96.4,80457eea740e,100
2026-09-16T17:36:26,93,2026-09-16T16:00:00,96.4,5b69b5224388,32
2026-09-16T17:46:27,1,2026-09-16T16:00:00,106.5,7c5594a08f37,100
2026-09-16T17:46:27,47,2026-09-16T16:00:00,106.5,80457eea740e,100
2026-09-16T17:46:27,93,2026-09-16T16:00:00,106.5,5b69b5224388,32
2026-09-16T17:56:28,1,2026-09-16T16:00:00,116.5,7c5594a08f37,100
2026-09-16T17:56:28,47,2026-09-16T16:00:00,116.5,80457eea740e,100
2026-09-16T17:56:28,93,2026-09-16T16:00:00,116.5,5b69b5224388,32
2026-09-16T18:06:29,1,2026-09-16T17:00:00,66.5,21792061f082,100
2026-09-16T18:06:29,47,2026-09-16T17:00:00,66.5,a3bd060aaccf,100
2026-09-16T18:06:29,93,2026-09-16T17:00:00,66.5,001099fed11d,31
2026-09-16T18:16:30,1,2026-09-16T17:00:00,76.5,21792061f082,100
2026-09-16T18:16:30,47,2026-09-16T17:00:00,76.5,a3bd060aaccf,100
2026-09-16T18:16:30,93,2026-09-16T17:00:00,76.5,001099fed11d,31
2026-09-16T18:26:32,1,2026-09-16T17:00:00,86.5,21792061f082,100
2026-09-16T18:26:32,47,2026-09-16T17:00:00,86.5,a3bd060aaccf,100
2026-09-16T18:26:32,93,2026-09-16T17:00:00,86.5,001099fed11d,31
2026-09-16T18:36:33,1,2026-09-16T17:00:00,96.6,21792061f082,100
2026-09-16T18:36:33,47,2026-09-16T17:00:00,96.6,a3bd060aaccf,100
2026-09-16T18:36:33,93,2026-09-16T17:00:00,96.6,001099fed11d,31
2026-09-16T18:46:36,1,2026-09-16T17:00:00,106.6,21792061f082,100
2026-09-16T18:46:36,47,2026-09-16T17:00:00,106.6,a3bd060aaccf,100
2026-09-16T18:46:36,93,2026-09-16T17:00:00,106.6,001099fed11d,31
2026-09-16T18:56:38,1,2026-09-16T17:00:00,116.6,21792061f082,100
2026-09-16T18:56:38,47,2026-09-16T17:00:00,116.6,a3bd060aaccf,100
2026-09-16T18:56:38,93,2026-09-16T17:00:00,116.6,001099fed11d,31
2026-09-16T19:06:39,1,2026-09-16T18:00:00,66.7,9f01536d6d8f,100
2026-09-16T19:06:39,47,2026-09-16T18:00:00,66.7,38edb24817fb,100
2026-09-16T19:06:39,93,2026-09-16T18:00:00,66.7,a5b347a92961,28
2026-09-16T19:16:40,1,2026-09-16T18:00:00,76.7,9f01536d6d8f,100
2026-09-16T19:16:40,47,2026-09-16T18:00:00,76.7,38edb24817fb,100
2026-09-16T19:16:40,93,2026-09-16T18:00:00,76.7,a5b347a92961,28
2026-09-16T19:26:40,1,2026-09-16T18:00:00,86.7,9f01536d6d8f,100
2026-09-16T19:26:40,47,2026-09-16T18:00:00,86.7,38edb24817fb,100
2026-09-16T19:26:40,93,2026-09-16T18:00:00,86.7,a5b347a92961,28
2026-09-16T19:36:42,1,2026-09-16T18:00:00,96.7,9f01536d6d8f,100
2026-09-16T19:36:42,47,2026-09-16T18:00:00,96.7,38edb24817fb,100
2026-09-16T19:36:42,93,2026-09-16T18:00:00,96.7,a5b347a92961,28
2026-09-16T21:07:28,1,2026-09-16T20:00:00,67.5,082030adf4d8,100
2026-09-16T21:07:28,47,2026-09-16T20:00:00,67.5,76f1f224f94d,100
2026-09-16T21:07:28,93,2026-09-16T20:00:00,67.5,5e6b148f56b7,29
2026-09-16T21:17:29,1,2026-09-16T20:00:00,77.5,082030adf4d8,100
2026-09-16T21:17:29,47,2026-09-16T20:00:00,77.5,76f1f224f94d,100
2026-09-16T21:17:29,93,2026-09-16T20:00:00,77.5,5e6b148f56b7,29
2026-09-16T21:27:30,1,2026-09-16T20:00:00,87.5,082030adf4d8,100
2026-09-16T21:27:30,47,2026-09-16T20:00:00,87.5,76f1f224f94d,100
2026-09-16T21:27:30,93,2026-09-16T20:00:00,87.5,5e6b148f56b7,29
2026-09-16T21:37:32,1,2026-09-16T20:00:00,97.5,082030adf4d8,100
2026-09-16T21:37:32,47,2026-09-16T20:00:00,97.5,76f1f224f94d,100
2026-09-16T21:37:32,93,2026-09-16T20:00:00,97.5,5e6b148f56b7,29
2026-09-16T21:47:33,1,2026-09-16T20:00:00,107.6,082030adf4d8,100
2026-09-16T21:47:33,47,2026-09-16T20:00:00,107.6,76f1f224f94d,100
2026-09-16T21:47:33,93,2026-09-16T20:00:00,107.6,5e6b148f56b7,29
2026-09-16T21:57:37,1,2026-09-16T20:00:00,117.6,082030adf4d8,100
2026-09-16T21:57:37,47,2026-09-16T20:00:00,117.6,76f1f224f94d,100
2026-09-16T21:57:37,93,2026-09-16T20:00:00,117.6,5e6b148f56b7,29
2026-09-16T22:07:38,1,2026-09-16T21:00:00,67.6,612a9abf5b2c,100
2026-09-16T22:07:38,47,2026-09-16T21:00:00,67.6,ba43b30dc31a,100
2026-09-16T22:07:38,93,2026-09-16T21:00:00,67.6,f8b4d16aaa49,26
2026-09-16T22:17:39,1,2026-09-16T21:00:00,77.7,612a9abf5b2c,100
2026-09-16T22:17:39,47,2026-09-16T21:00:00,77.7,ba43b30dc31a,100
2026-09-16T22:17:39,93,2026-09-16T21:00:00,77.7,f8b4d16aaa49,26
2026-09-16T22:27:40,1,2026-09-16T21:00:00,87.7,612a9abf5b2c,100
2026-09-16T22:27:40,47,2026-09-16T21:00:00,87.7,ba43b30dc31a,100
2026-09-16T22:27:40,93,2026-09-16T21:00:00,87.7,f8b4d16aaa49,26
2026-09-16T22:37:41,1,2026-09-16T21:00:00,97.7,612a9abf5b2c,100
2026-09-16T22:37:41,47,2026-09-16T21:00:00,97.7,ba43b30dc31a,100
2026-09-16T22:37:41,93,2026-09-16T21:00:00,97.7,f8b4d16aaa49,26
2026-09-16T22:47:42,1,2026-09-16T21:00:00,107.7,612a9abf5b2c,100
2026-09-16T22:47:42,47,2026-09-16T21:00:00,107.7,ba43b30dc31a,100
2026-09-16T22:47:42,93,2026-09-16T21:00:00,107.7,f8b4d16aaa49,26
2026-09-16T22:57:43,1,2026-09-16T21:00:00,117.7,612a9abf5b2c,100
2026-09-16T22:57:43,47,2026-09-16T21:00:00,117.7,ba43b30dc31a,100
2026-09-16T22:57:43,93,2026-09-16T21:00:00,117.7,f8b4d16aaa49,26
2026-09-16T23:07:45,1,2026-09-16T22:00:00,67.8,a2df106f0101,100
2026-09-16T23:07:45,47,2026-09-16T22:00:00,67.8,3202df53b27f,100
2026-09-16T23:07:45,93,2026-09-16T22:00:00,67.8,233b7b9d6d77,26
2026-09-16T23:17:47,1,2026-09-16T22:00:00,77.8,a2df106f0101,100
2026-09-16T23:17:47,47,2026-09-16T22:00:00,77.8,3202df53b27f,100
2026-09-16T23:17:47,93,2026-09-16T22:00:00,77.8,233b7b9d6d77,26
2026-09-16T23:27:48,1,2026-09-16T22:00:00,87.8,a2df106f0101,100
2026-09-16T23:27:48,47,2026-09-16T22:00:00,87.8,3202df53b27f,100
2026-09-16T23:27:48,93,2026-09-16T22:00:00,87.8,233b7b9d6d77,26
2026-09-16T23:37:49,1,2026-09-16T22:00:00,97.8,a2df106f0101,100
2026-09-16T23:37:49,47,2026-09-16T22:00:00,97.8,3202df53b27f,100
2026-09-16T23:37:49,93,2026-09-16T22:00:00,97.8,233b7b9d6d77,26
2026-09-16T23:47:50,1,2026-09-16T22:00:00,107.8,a2df106f0101,100
2026-09-16T23:47:50,47,2026-09-16T22:00:00,107.8,3202df53b27f,100
2026-09-16T23:47:50,93,2026-09-16T22:00:00,107.8,233b7b9d6d77,26
2026-09-16T23:57:51,1,2026-09-16T22:00:00,117.9,a2df106f0101,100
2026-09-16T23:57:51,47,2026-09-16T22:00:00,117.9,3202df53b27f,100
2026-09-16T23:57:51,93,2026-09-16T22:00:00,117.9,233b7b9d6d77,26
2026-09-17T00:07:52,1,2026-09-16T23:00:00,67.9,417c6037da14,100
2026-09-17T00:07:52,47,2026-09-16T23:00:00,67.9,16d6862741d6,100
2026-09-17T00:07:52,93,2026-09-16T23:00:00,67.9,337b2ed02153,6
2026-09-17T00:17:54,1,2026-09-16T23:00:00,77.9,417c6037da14,100
2026-09-17T00:17:54,47,2026-09-16T23:00:00,77.9,16d6862741d6,100
2026-09-17T00:17:54,93,2026-09-16T23:00:00,77.9,337b2ed02153,6
2026-09-17T00:27:55,1,2026-09-16T23:00:00,87.9,417c6037da14,100
2026-09-17T00:27:55,47,2026-09-16T23:00:00,87.9,16d6862741d6,100
2026-09-17T00:27:55,93,2026-09-16T23:00:00,87.9,337b2ed02153,6
2026-09-17T00:37:57,1,2026-09-16T23:00:00,98.0,417c6037da14,100
2026-09-17T00:37:57,47,2026-09-16T23:00:00,98.0,16d6862741d6,100
2026-09-17T00:37:57,93,2026-09-16T23:00:00,98.0,337b2ed02153,6
2026-09-17T00:47:59,1,2026-09-16T23:00:00,108.0,417c6037da14,100
2026-09-17T00:47:59,47,2026-09-16T23:00:00,108.0,16d6862741d6,100
2026-09-17T00:47:59,93,2026-09-16T23:00:00,108.0,337b2ed02153,6
2026-09-17T00:58:00,1,2026-09-16T23:00:00,118.0,417c6037da14,100
2026-09-17T00:58:00,47,2026-09-16T23:00:00,118.0,16d6862741d6,100
2026-09-17T00:58:00,93,2026-09-16T23:00:00,118.0,337b2ed02153,6
2026-09-17T08:36:35,1,2026-09-17T07:00:00,96.6,7319e2acfed0,100
2026-09-17T08:36:35,47,2026-09-17T07:00:00,96.6,39f61b74676d,100
2026-09-17T08:36:35,93,2026-09-17T07:00:00,96.6,2852d07d6b3f,28
2026-09-17T08:46:36,1,2026-09-17T07:00:00,106.6,7319e2acfed0,100
2026-09-17T08:46:36,47,2026-09-17T07:00:00,106.6,39f61b74676d,100
2026-09-17T08:46:36,93,2026-09-17T07:00:00,106.6,2852d07d6b3f,28
2026-09-17T08:56:38,1,2026-09-17T07:00:00,116.6,7319e2acfed0,100
2026-09-17T08:56:38,47,2026-09-17T07:00:00,116.6,39f61b74676d,100
2026-09-17T08:56:38,93,2026-09-17T07:00:00,116.6,2852d07d6b3f,28
2026-09-17T09:06:39,1,2026-09-17T08:00:00,66.7,912906622b20,100
2026-09-17T09:06:39,47,2026-09-17T08:00:00,66.7,0cbc12a971d2,100
2026-09-17T09:06:39,93,2026-09-17T08:00:00,66.7,8939b7ed12e0,30
2026-09-17T09:16:41,1,2026-09-17T08:00:00,76.7,912906622b20,100
2026-09-17T09:16:41,47,2026-09-17T08:00:00,76.7,0cbc12a971d2,100
2026-09-17T09:16:41,93,2026-09-17T08:00:00,76.7,8939b7ed12e0,30
2026-09-17T09:26:43,1,2026-09-17T08:00:00,86.7,912906622b20,100
2026-09-17T09:26:43,47,2026-09-17T08:00:00,86.7,0cbc12a971d2,100
2026-09-17T09:26:43,93,2026-09-17T08:00:00,86.7,8939b7ed12e0,30
2026-09-17T09:36:46,1,2026-09-17T08:00:00,96.8,912906622b20,100
2026-09-17T09:36:46,47,2026-09-17T08:00:00,96.8,0cbc12a971d2,100
2026-09-17T09:36:46,93,2026-09-17T08:00:00,96.8,8939b7ed12e0,30
2026-09-17T09:46:49,1,2026-09-17T08:00:00,106.8,912906622b20,100
2026-09-17T09:46:49,47,2026-09-17T08:00:00,106.8,0cbc12a971d2,100
2026-09-17T09:46:49,93,2026-09-17T08:00:00,106.8,8939b7ed12e0,30
2026-09-17T09:56:50,1,2026-09-17T08:00:00,116.8,912906622b20,100
2026-09-17T09:56:50,47,2026-09-17T08:00:00,116.8,0cbc12a971d2,100
2026-09-17T09:56:50,93,2026-09-17T08:00:00,116.8,8939b7ed12e0,30
2026-09-17T10:06:52,1,2026-09-17T09:00:00,66.9,b92567427df7,100
2026-09-17T10:06:52,47,2026-09-17T09:00:00,66.9,3d0ef2d3cfb6,100
2026-09-17T10:06:52,93,2026-09-17T09:00:00,66.9,d7eb10111636,32
2026-09-17T10:16:54,1,2026-09-17T09:00:00,76.9,b92567427df7,100
2026-09-17T10:16:54,47,2026-09-17T09:00:00,76.9,3d0ef2d3cfb6,100
2026-09-17T10:16:54,93,2026-09-17T09:00:00,76.9,d7eb10111636,32
2026-09-17T10:26:55,1,2026-09-17T09:00:00,86.9,b92567427df7,100
2026-09-17T10:26:55,47,2026-09-17T09:00:00,86.9,3d0ef2d3cfb6,100
2026-09-17T10:26:55,93,2026-09-17T09:00:00,86.9,d7eb10111636,32
2026-09-17T10:36:57,1,2026-09-17T09:00:00,97.0,b92567427df7,100
2026-09-17T10:36:57,47,2026-09-17T09:00:00,97.0,3d0ef2d3cfb6,100
2026-09-17T10:36:57,93,2026-09-17T09:00:00,97.0,d7eb10111636,32
2026-09-17T10:46:59,1,2026-09-17T09:00:00,107.0,b92567427df7,100
2026-09-17T10:46:59,47,2026-09-17T09:00:00,107.0,3d0ef2d3cfb6,100
2026-09-17T10:46:59,93,2026-09-17T09:00:00,107.0,d7eb10111636,32
2026-09-17T10:57:00,1,2026-09-17T09:00:00,117.0,b92567427df7,100
2026-09-17T10:57:00,47,2026-09-17T09:00:00,117.0,3d0ef2d3cfb6,100
2026-09-17T10:57:00,93,2026-09-17T09:00:00,117.0,d7eb10111636,32
2026-09-17T11:07:01,1,2026-09-17T10:00:00,67.0,1e083ef7aae3,100
2026-09-17T11:07:01,47,2026-09-17T10:00:00,67.0,b200d12cce80,100
2026-09-17T11:07:01,93,2026-09-17T10:00:00,67.0,bbaa3e9ef036,28
2026-09-17T11:17:03,1,2026-09-17T10:00:00,77.1,1e083ef7aae3,100
2026-09-17T11:17:03,47,2026-09-17T10:00:00,77.1,b200d12cce80,100
2026-09-17T11:17:03,93,2026-09-17T10:00:00,77.1,bbaa3e9ef036,28
2026-09-17T11:27:05,1,2026-09-17T10:00:00,87.1,1e083ef7aae3,100
2026-09-17T11:27:05,47,2026-09-17T10:00:00,87.1,b200d12cce80,100
2026-09-17T11:27:05,93,2026-09-17T10:00:00,87.1,bbaa3e9ef036,28
2026-09-17T11:37:06,1,2026-09-17T10:00:00,97.1,1e083ef7aae3,100
2026-09-17T11:37:06,47,2026-09-17T10:00:00,97.1,b200d12cce80,100
2026-09-17T11:37:06,93,2026-09-17T10:00:00,97.1,bbaa3e9ef036,28
2026-09-17T11:47:07,1,2026-09-17T10:00:00,107.1,1e083ef7aae3,100
2026-09-17T11:47:07,47,2026-09-17T10:00:00,107.1,b200d12cce80,100
2026-09-17T11:47:07,93,2026-09-17T10:00:00,107.1,bbaa3e9ef036,28
2026-09-17T11:57:09,1,2026-09-17T10:00:00,117.2,1e083ef7aae3,100
2026-09-17T11:57:09,47,2026-09-17T10:00:00,117.2,b200d12cce80,100
2026-09-17T11:57:09,93,2026-09-17T10:00:00,117.2,bbaa3e9ef036,28
2026-09-17T12:07:10,1,2026-09-17T11:00:00,67.2,0eb2ca931524,100
2026-09-17T12:07:10,47,2026-09-17T11:00:00,67.2,0afa87b05c70,100
2026-09-17T12:07:10,93,2026-09-17T11:00:00,67.2,d4939c10fb1f,27
2026-09-17T12:17:12,1,2026-09-17T11:00:00,77.2,0eb2ca931524,100
2026-09-17T12:17:12,47,2026-09-17T11:00:00,77.2,0afa87b05c70,100
2026-09-17T12:17:12,93,2026-09-17T11:00:00,77.2,d4939c10fb1f,27
2026-09-17T12:27:13,1,2026-09-17T11:00:00,87.2,0eb2ca931524,100
2026-09-17T12:27:13,47,2026-09-17T11:00:00,87.2,0afa87b05c70,100
2026-09-17T12:27:13,93,2026-09-17T11:00:00,87.2,d4939c10fb1f,27
2026-09-17T13:36:02,1,2026-09-17T12:00:00,96.0,0ce254a6b388,100
2026-09-17T13:36:02,47,2026-09-17T12:00:00,96.0,7c2badf604fc,100
2026-09-17T13:36:02,93,2026-09-17T12:00:00,96.0,195844de9d18,30
2026-09-17T13:46:27,1,2026-09-17T12:00:00,106.5,0ce254a6b388,100
2026-09-17T13:46:27,47,2026-09-17T12:00:00,106.5,7c2badf604fc,100
2026-09-17T13:46:27,93,2026-09-17T12:00:00,106.5,195844de9d18,30
2026-09-17T14:41:33,1,2026-09-17T13:00:00,101.6,91576546a538,100
2026-09-17T14:41:33,47,2026-09-17T13:00:00,101.6,aa137f0cbbca,100
2026-09-17T14:41:33,93,2026-09-17T13:00:00,101.6,b9060eabc7cf,33
2026-09-17T15:25:23,1,2026-09-17T14:00:00,85.4,a4aaecbbc308,100
2026-09-17T15:25:23,47,2026-09-17T14:00:00,85.4,4de3b96f0eb9,100
2026-09-17T15:25:23,93,2026-09-17T14:00:00,85.4,418d7b9ad4f5,31
2026-09-17T17:41:35,1,2026-09-17T16:00:00,101.6,4e8460b99f00,100
2026-09-17T17:41:35,47,2026-09-17T16:00:00,101.6,3c8a220c77db,100
2026-09-17T17:41:35,93,2026-09-17T16:00:00,101.6,fa1c557dcdb5,33
2026-09-18T00:11:49,1,2026-09-17T23:00:00,71.8,5c47bd5f51a6,100
2026-09-18T00:11:49,47,2026-09-17T23:00:00,71.8,b0ac5a0c0536,100
2026-09-18T00:11:49,93,2026-09-17T23:00:00,71.8,4ec02ce09192,5
2026-09-18T00:21:50,1,2026-09-17T23:00:00,81.8,5c47bd5f51a6,100
2026-09-18T00:21:50,47,2026-09-17T23:00:00,81.8,b0ac5a0c0536,100
2026-09-18T00:21:50,93,2026-09-17T23:00:00,81.8,4ec02ce09192,5
2026-09-18T00:31:52,1,2026-09-17T23:00:00,91.9,5c47bd5f51a6,100
2026-09-18T00:31:52,47,2026-09-17T23:00:00,91.9,b0ac5a0c0536,100
2026-09-18T00:31:52,93,2026-09-17T23:00:00,91.9,4ec02ce09192,5
2026-09-18T00:41:55,1,2026-09-17T23:00:00,101.9,5c47bd5f51a6,100
2026-09-18T00:41:55,47,2026-09-17T23:00:00,101.9,b0ac5a0c0536,100
2026-09-18T00:41:55,93,2026-09-17T23:00:00,101.9,4ec02ce09192,5
2026-09-18T00:51:58,1,2026-09-17T23:00:00,112.0,5c47bd5f51a6,100
2026-09-18T00:51:58,47,2026-09-17T23:00:00,112.0,b0ac5a0c0536,100
2026-09-18T00:51:58,93,2026-09-17T23:00:00,112.0,4ec02ce09192,5
2026-09-18T10:16:43,1,2026-09-18T09:00:00,76.7,cc1ef8bd1d5f,100
2026-09-18T10:16:43,47,2026-09-18T09:00:00,76.7,17e69a695398,100
2026-09-18T10:16:43,93,2026-09-18T09:00:00,76.7,1100ca455827,29
2026-09-18T11:10:13,1,2026-09-18T10:00:00,70.2,aa84abc521d0,100
2026-09-18T11:10:13,47,2026-09-18T10:00:00,70.2,109a7b92e983,100
2026-09-18T11:10:13,93,2026-09-18T10:00:00,70.2,981a8ef1252b,29
2026-09-18T11:55:48,1,2026-09-18T10:00:00,115.8,aa84abc521d0,100
2026-09-18T11:55:48,47,2026-09-18T10:00:00,115.8,109a7b92e983,100
2026-09-18T11:55:48,93,2026-09-18T10:00:00,115.8,981a8ef1252b,29
2026-09-18T12:05:50,1,2026-09-18T11:00:00,65.8,3b62a82d30f4,100
2026-09-18T12:05:50,47,2026-09-18T11:00:00,65.8,d984f3aa81cc,100
2026-09-18T12:05:50,93,2026-09-18T11:00:00,65.8,75d3ede26218,27
2026-09-18T12:15:52,1,2026-09-18T11:00:00,75.9,3b62a82d30f4,100
2026-09-18T12:15:52,47,2026-09-18T11:00:00,75.9,d984f3aa81cc,100
2026-09-18T12:15:52,93,2026-09-18T11:00:00,75.9,75d3ede26218,27
2026-09-18T12:25:53,1,2026-09-18T11:00:00,85.9,3b62a82d30f4,100
2026-09-18T12:25:53,47,2026-09-18T11:00:00,85.9,d984f3aa81cc,100
2026-09-18T12:25:53,93,2026-09-18T11:00:00,85.9,75d3ede26218,27
2026-09-18T13:05:58,1,2026-09-18T12:00:00,66.0,2b3afc96f7bd,100
2026-09-18T13:05:58,47,2026-09-18T12:00:00,66.0,7f270959983e,100
2026-09-18T13:05:58,93,2026-09-18T12:00:00,66.0,8016c95283b6,25
2026-09-18T13:15:59,1,2026-09-18T12:00:00,76.0,2b3afc96f7bd,100
2026-09-18T13:15:59,47,2026-09-18T12:00:00,76.0,7f270959983e,100
2026-09-18T13:15:59,93,2026-09-18T12:00:00,76.0,8016c95283b6,25
2026-09-18T13:26:00,1,2026-09-18T12:00:00,86.0,2b3afc96f7bd,100
2026-09-18T13:26:00,47,2026-09-18T12:00:00,86.0,7f270959983e,100
2026-09-18T13:26:00,93,2026-09-18T12:00:00,86.0,8016c95283b6,25
2026-09-18T13:36:01,1,2026-09-18T12:00:00,96.0,2b3afc96f7bd,100
2026-09-18T13:36:01,47,2026-09-18T12:00:00,96.0,7f270959983e,100
2026-09-18T13:36:01,93,2026-09-18T12:00:00,96.0,8016c95283b6,25
2026-09-18T13:46:03,1,2026-09-18T12:00:00,106.1,2b3afc96f7bd,100
2026-09-18T13:46:03,47,2026-09-18T12:00:00,106.1,7f270959983e,100
2026-09-18T13:46:03,93,2026-09-18T12:00:00,106.1,8016c95283b6,25
2026-09-18T13:56:05,1,2026-09-18T12:00:00,116.1,2b3afc96f7bd,100
2026-09-18T13:56:05,47,2026-09-18T12:00:00,116.1,7f270959983e,100
2026-09-18T13:56:05,93,2026-09-18T12:00:00,116.1,8016c95283b6,25
2026-09-18T14:06:06,1,2026-09-18T13:00:00,66.1,6d999544889c,100
2026-09-18T14:06:06,47,2026-09-18T13:00:00,66.1,79a576bcc045,100
2026-09-18T14:06:06,93,2026-09-18T13:00:00,66.1,d09ebadd150f,28
2026-09-18T14:16:09,1,2026-09-18T13:00:00,76.2,6d999544889c,100
2026-09-18T14:16:09,47,2026-09-18T13:00:00,76.2,79a576bcc045,100
2026-09-18T14:16:09,93,2026-09-18T13:00:00,76.2,d09ebadd150f,28
2026-09-18T14:26:10,1,2026-09-18T13:00:00,86.2,6d999544889c,100
2026-09-18T14:26:10,47,2026-09-18T13:00:00,86.2,79a576bcc045,100
2026-09-18T14:26:10,93,2026-09-18T13:00:00,86.2,d09ebadd150f,28
2026-09-18T14:36:11,1,2026-09-18T13:00:00,96.2,6d999544889c,100
2026-09-18T14:36:11,47,2026-09-18T13:00:00,96.2,79a576bcc045,100
2026-09-18T14:36:11,93,2026-09-18T13:00:00,96.2,d09ebadd150f,28
2026-09-18T14:46:12,1,2026-09-18T13:00:00,106.2,6d999544889c,100
2026-09-18T14:46:12,47,2026-09-18T13:00:00,106.2,79a576bcc045,100
2026-09-18T14:46:12,93,2026-09-18T13:00:00,106.2,d09ebadd150f,28
2026-09-18T14:56:13,1,2026-09-18T13:00:00,116.2,6d999544889c,100
2026-09-18T14:56:13,47,2026-09-18T13:00:00,116.2,79a576bcc045,100
2026-09-18T14:56:13,93,2026-09-18T13:00:00,116.2,d09ebadd150f,28
2026-09-18T15:06:15,1,2026-09-18T14:00:00,66.3,964b79c05472,100
2026-09-18T15:06:15,47,2026-09-18T14:00:00,66.3,224661d797a2,100
2026-09-18T15:06:15,93,2026-09-18T14:00:00,66.3,9905a0d9bb4d,32
2026-09-18T15:16:16,1,2026-09-18T14:00:00,76.3,964b79c05472,100
2026-09-18T15:16:16,47,2026-09-18T14:00:00,76.3,224661d797a2,100
2026-09-18T15:16:16,93,2026-09-18T14:00:00,76.3,9905a0d9bb4d,32
2026-09-18T15:26:17,1,2026-09-18T14:00:00,86.3,964b79c05472,100
2026-09-18T15:26:17,47,2026-09-18T14:00:00,86.3,224661d797a2,100
2026-09-18T15:26:17,93,2026-09-18T14:00:00,86.3,9905a0d9bb4d,32
2026-09-18T15:36:19,1,2026-09-18T14:00:00,96.3,964b79c05472,100
2026-09-18T15:36:19,47,2026-09-18T14:00:00,96.3,224661d797a2,100
2026-09-18T15:36:19,93,2026-09-18T14:00:00,96.3,9905a0d9bb4d,32
2026-09-18T15:46:20,1,2026-09-18T14:00:00,106.3,964b79c05472,100
2026-09-18T15:46:20,47,2026-09-18T14:00:00,106.3,224661d797a2,100
2026-09-18T15:46:20,93,2026-09-18T14:00:00,106.3,9905a0d9bb4d,32
2026-09-18T15:56:22,1,2026-09-18T14:00:00,116.4,964b79c05472,100
2026-09-18T15:56:22,47,2026-09-18T14:00:00,116.4,224661d797a2,100
2026-09-18T15:56:22,93,2026-09-18T14:00:00,116.4,9905a0d9bb4d,32
2026-09-18T16:06:23,1,2026-09-18T15:00:00,66.4,0cc1ff6d12bb,100
2026-09-18T16:06:23,47,2026-09-18T15:00:00,66.4,2c4c29c4e84d,100
2026-09-18T16:06:23,93,2026-09-18T15:00:00,66.4,d06895da7759,31
2026-09-18T16:16:24,1,2026-09-18T15:00:00,76.4,0cc1ff6d12bb,100
2026-09-18T16:16:24,47,2026-09-18T15:00:00,76.4,2c4c29c4e84d,100
2026-09-18T16:16:24,93,2026-09-18T15:00:00,76.4,d06895da7759,31
2026-09-18T16:26:25,1,2026-09-18T15:00:00,86.4,0cc1ff6d12bb,100
2026-09-18T16:26:25,47,2026-09-18T15:00:00,86.4,2c4c29c4e84d,100
2026-09-18T16:26:25,93,2026-09-18T15:00:00,86.4,d06895da7759,31
2026-09-18T16:36:27,1,2026-09-18T15:00:00,96.5,0cc1ff6d12bb,100
2026-09-18T16:36:27,47,2026-09-18T15:00:00,96.5,2c4c29c4e84d,100
2026-09-18T16:36:27,93,2026-09-18T15:00:00,96.5,d06895da7759,31
2026-09-18T16:46:28,1,2026-09-18T15:00:00,106.5,0cc1ff6d12bb,100
2026-09-18T16:46:28,47,2026-09-18T15:00:00,106.5,2c4c29c4e84d,100
2026-09-18T16:46:28,93,2026-09-18T15:00:00,106.5,d06895da7759,31
2026-09-18T16:56:30,1,2026-09-18T15:00:00,116.5,0cc1ff6d12bb,100
2026-09-18T16:56:30,47,2026-09-18T15:00:00,116.5,2c4c29c4e84d,100
2026-09-18T16:56:30,93,2026-09-18T15:00:00,116.5,d06895da7759,31
2026-09-18T17:06:31,1,2026-09-18T16:00:00,66.5,b9873b03f55f,100
2026-09-18T17:06:31,47,2026-09-18T16:00:00,66.5,d540709f4709,100
2026-09-18T17:06:31,93,2026-09-18T16:00:00,66.5,b7e4e8bc0d83,32
2026-09-18T17:16:34,1,2026-09-18T16:00:00,76.6,b9873b03f55f,100
2026-09-18T17:16:34,47,2026-09-18T16:00:00,76.6,d540709f4709,100
2026-09-18T17:16:34,93,2026-09-18T16:00:00,76.6,b7e4e8bc0d83,32
2026-09-18T17:26:35,1,2026-09-18T16:00:00,86.6,b9873b03f55f,100
2026-09-18T17:26:35,47,2026-09-18T16:00:00,86.6,d540709f4709,100
2026-09-18T17:26:35,93,2026-09-18T16:00:00,86.6,b7e4e8bc0d83,32
2026-09-18T17:36:37,1,2026-09-18T16:00:00,96.6,b9873b03f55f,100
2026-09-18T17:36:37,47,2026-09-18T16:00:00,96.6,d540709f4709,100
2026-09-18T17:36:37,93,2026-09-18T16:00:00,96.6,b7e4e8bc0d83,32
2026-09-18T17:46:38,1,2026-09-18T16:00:00,106.6,b9873b03f55f,100
2026-09-18T17:46:38,47,2026-09-18T16:00:00,106.6,d540709f4709,100
2026-09-18T17:46:38,93,2026-09-18T16:00:00,106.6,b7e4e8bc0d83,32
2026-09-18T17:56:39,1,2026-09-18T16:00:00,116.7,b9873b03f55f,100
2026-09-18T17:56:39,47,2026-09-18T16:00:00,116.7,d540709f4709,100
2026-09-18T17:56:39,93,2026-09-18T16:00:00,116.7,b7e4e8bc0d83,32
2026-09-18T18:06:41,1,2026-09-18T17:00:00,66.7,29eeef5d69d6,100
2026-09-18T18:06:41,47,2026-09-18T17:00:00,66.7,f473d2e718a6,100
2026-09-18T18:06:41,93,2026-09-18T17:00:00,66.7,87267997227b,31
2026-09-18T18:16:42,1,2026-09-18T17:00:00,76.7,29eeef5d69d6,100
2026-09-18T18:16:42,47,2026-09-18T17:00:00,76.7,f473d2e718a6,100
2026-09-18T18:16:42,93,2026-09-18T17:00:00,76.7,87267997227b,31
2026-09-18T21:05:24,1,2026-09-18T20:00:00,65.4,7ee8783a00ac,100
2026-09-18T21:05:24,47,2026-09-18T20:00:00,65.4,7dd26048da6a,100
2026-09-18T21:05:24,93,2026-09-18T20:00:00,65.4,3857dd2709da,27
2026-09-18T22:36:26,1,2026-09-18T21:00:00,96.4,c6fc98b06a3a,100
2026-09-18T22:36:26,47,2026-09-18T21:00:00,96.4,704649a7c3ea,100
2026-09-18T22:36:26,93,2026-09-18T21:00:00,96.4,a26c67f1ddbe,27
2026-09-18T22:46:27,1,2026-09-18T21:00:00,106.5,c6fc98b06a3a,100
2026-09-18T22:46:27,47,2026-09-18T21:00:00,106.5,704649a7c3ea,100
2026-09-18T22:46:27,93,2026-09-18T21:00:00,106.5,a26c67f1ddbe,27
2026-09-18T22:56:28,1,2026-09-18T21:00:00,116.5,c6fc98b06a3a,100
2026-09-18T22:56:28,47,2026-09-18T21:00:00,116.5,704649a7c3ea,100
2026-09-18T22:56:28,93,2026-09-18T21:00:00,116.5,a26c67f1ddbe,27
2026-09-18T23:06:29,1,2026-09-18T22:00:00,66.5,8cfb2b463b6d,100
2026-09-18T23:06:29,47,2026-09-18T22:00:00,66.5,7c86d36b2ff0,100
2026-09-18T23:06:29,93,2026-09-18T22:00:00,66.5,aa512491b102,26
2026-09-18T23:16:31,1,2026-09-18T22:00:00,76.5,8cfb2b463b6d,100
2026-09-18T23:16:31,47,2026-09-18T22:00:00,76.5,7c86d36b2ff0,100
2026-09-18T23:16:31,93,2026-09-18T22:00:00,76.5,aa512491b102,26
2026-09-18T23:26:32,1,2026-09-18T22:00:00,86.5,8cfb2b463b6d,100
2026-09-18T23:26:32,47,2026-09-18T22:00:00,86.5,7c86d36b2ff0,100
2026-09-18T23:26:32,93,2026-09-18T22:00:00,86.5,aa512491b102,26
2026-09-18T23:36:33,1,2026-09-18T22:00:00,96.6,8cfb2b463b6d,100
2026-09-18T23:36:33,47,2026-09-18T22:00:00,96.6,7c86d36b2ff0,100
2026-09-18T23:36:33,93,2026-09-18T22:00:00,96.6,aa512491b102,26
2026-09-18T23:46:34,1,2026-09-18T22:00:00,106.6,8cfb2b463b6d,100
2026-09-18T23:46:34,47,2026-09-18T22:00:00,106.6,7c86d36b2ff0,100
2026-09-18T23:46:34,93,2026-09-18T22:00:00,106.6,aa512491b102,26
2026-09-18T23:56:35,1,2026-09-18T22:00:00,116.6,8cfb2b463b6d,100
2026-09-18T23:56:35,47,2026-09-18T22:00:00,116.6,7c86d36b2ff0,100
2026-09-18T23:56:35,93,2026-09-18T22:00:00,116.6,aa512491b102,26
2026-09-19T00:06:36,1,2026-09-18T23:00:00,66.6,d39bec4c7574,100
2026-09-19T00:06:36,47,2026-09-18T23:00:00,66.6,76f2289d5634,100
2026-09-19T00:06:36,93,2026-09-18T23:00:00,66.6,2b891c1e0193,5
2026-09-19T00:16:38,1,2026-09-18T23:00:00,76.6,d39bec4c7574,100
2026-09-19T00:16:38,47,2026-09-18T23:00:00,76.6,76f2289d5634,100
2026-09-19T00:16:38,93,2026-09-18T23:00:00,76.6,2b891c1e0193,5
2026-09-19T00:26:40,1,2026-09-18T23:00:00,86.7,d39bec4c7574,100
2026-09-19T00:26:40,47,2026-09-18T23:00:00,86.7,76f2289d5634,100
2026-09-19T00:26:40,93,2026-09-18T23:00:00,86.7,2b891c1e0193,5
2026-09-19T00:36:42,1,2026-09-18T23:00:00,96.7,d39bec4c7574,100
2026-09-19T00:36:42,47,2026-09-18T23:00:00,96.7,76f2289d5634,100
2026-09-19T00:36:42,93,2026-09-18T23:00:00,96.7,2b891c1e0193,5
2026-09-19T00:46:43,1,2026-09-18T23:00:00,106.7,d39bec4c7574,100
2026-09-19T00:46:43,47,2026-09-18T23:00:00,106.7,76f2289d5634,100
2026-09-19T00:46:43,93,2026-09-18T23:00:00,106.7,2b891c1e0193,5
2026-09-19T00:56:44,1,2026-09-18T23:00:00,116.7,d39bec4c7574,100
2026-09-19T00:56:44,47,2026-09-18T23:00:00,116.7,76f2289d5634,100
2026-09-19T00:56:44,93,2026-09-18T23:00:00,116.7,2b891c1e0193,5
2026-09-19T07:10:28,1,2026-09-19T06:00:00,70.5,32871444ede0,100
2026-09-19T07:10:28,47,2026-09-19T06:00:00,70.5,4a6f7c2597e1,100
2026-09-19T07:10:28,93,2026-09-19T06:00:00,70.5,758c2eeff55c,22
2026-09-19T07:20:29,1,2026-09-19T06:00:00,80.5,32871444ede0,100
2026-09-19T07:20:29,47,2026-09-19T06:00:00,80.5,4a6f7c2597e1,100
2026-09-19T07:20:29,93,2026-09-19T06:00:00,80.5,758c2eeff55c,22
2026-09-19T07:30:30,1,2026-09-19T06:00:00,90.5,32871444ede0,100
2026-09-19T07:30:30,47,2026-09-19T06:00:00,90.5,4a6f7c2597e1,100
2026-09-19T07:30:30,93,2026-09-19T06:00:00,90.5,758c2eeff55c,22
2026-09-19T07:40:32,1,2026-09-19T06:00:00,100.5,32871444ede0,100
2026-09-19T07:40:32,47,2026-09-19T06:00:00,100.5,4a6f7c2597e1,100
2026-09-19T07:40:32,93,2026-09-19T06:00:00,100.5,758c2eeff55c,22
2026-09-19T07:50:33,1,2026-09-19T06:00:00,110.6,32871444ede0,100
2026-09-19T07:50:33,47,2026-09-19T06:00:00,110.6,4a6f7c2597e1,100
2026-09-19T07:50:33,93,2026-09-19T06:00:00,110.6,758c2eeff55c,22
2026-09-19T08:10:36,1,2026-09-19T07:00:00,70.6,cf842249f16b,100
2026-09-19T08:10:36,47,2026-09-19T07:00:00,70.6,5f1a69a82dfd,100
2026-09-19T08:10:36,93,2026-09-19T07:00:00,70.6,a2a4053ac3a5,26
2026-09-19T08:20:36,1,2026-09-19T07:00:00,80.6,cf842249f16b,100
2026-09-19T08:20:36,47,2026-09-19T07:00:00,80.6,5f1a69a82dfd,100
2026-09-19T08:20:36,93,2026-09-19T07:00:00,80.6,a2a4053ac3a5,26
2026-09-19T08:30:37,1,2026-09-19T07:00:00,90.6,cf842249f16b,100
2026-09-19T08:30:37,47,2026-09-19T07:00:00,90.6,5f1a69a82dfd,100
2026-09-19T08:30:37,93,2026-09-19T07:00:00,90.6,a2a4053ac3a5,26
2026-09-19T08:40:38,1,2026-09-19T07:00:00,100.6,cf842249f16b,100
2026-09-19T08:40:38,47,2026-09-19T07:00:00,100.6,5f1a69a82dfd,100
2026-09-19T08:40:38,93,2026-09-19T07:00:00,100.6,a2a4053ac3a5,26
2026-09-19T08:50:39,1,2026-09-19T07:00:00,110.7,cf842249f16b,100
2026-09-19T08:50:39,47,2026-09-19T07:00:00,110.7,5f1a69a82dfd,100
2026-09-19T08:50:39,93,2026-09-19T07:00:00,110.7,a2a4053ac3a5,26
2026-09-19T09:10:41,1,2026-09-19T08:00:00,70.7,89981bd4a1d2,100
2026-09-19T09:10:41,47,2026-09-19T08:00:00,70.7,a1134cf0bfba,100
2026-09-19T09:10:41,93,2026-09-19T08:00:00,70.7,47de1f565263,28
2026-09-19T09:20:42,1,2026-09-19T08:00:00,80.7,89981bd4a1d2,100
2026-09-19T09:20:42,47,2026-09-19T08:00:00,80.7,a1134cf0bfba,100
2026-09-19T09:20:42,93,2026-09-19T08:00:00,80.7,47de1f565263,28
2026-09-19T09:30:43,1,2026-09-19T08:00:00,90.7,89981bd4a1d2,100
2026-09-19T09:30:43,47,2026-09-19T08:00:00,90.7,a1134cf0bfba,100
2026-09-19T09:30:43,93,2026-09-19T08:00:00,90.7,47de1f565263,28
2026-09-19T09:40:44,1,2026-09-19T08:00:00,100.7,89981bd4a1d2,100
2026-09-19T09:40:44,47,2026-09-19T08:00:00,100.7,a1134cf0bfba,100
2026-09-19T09:40:44,93,2026-09-19T08:00:00,100.7,47de1f565263,28
2026-09-19T09:50:45,1,2026-09-19T08:00:00,110.8,89981bd4a1d2,100
2026-09-19T09:50:45,47,2026-09-19T08:00:00,110.8,a1134cf0bfba,100
2026-09-19T09:50:45,93,2026-09-19T08:00:00,110.8,47de1f565263,28
2026-09-19T10:10:48,1,2026-09-19T09:00:00,70.8,bf8ede7abd1d,100
2026-09-19T10:10:48,47,2026-09-19T09:00:00,70.8,685bc884fb19,100
2026-09-19T10:10:48,93,2026-09-19T09:00:00,70.8,967059300451,30
2026-09-19T10:20:48,1,2026-09-19T09:00:00,80.8,bf8ede7abd1d,100
2026-09-19T10:20:48,47,2026-09-19T09:00:00,80.8,685bc884fb19,100
2026-09-19T10:20:48,93,2026-09-19T09:00:00,80.8,967059300451,30
2026-09-19T10:30:50,1,2026-09-19T09:00:00,90.8,bf8ede7abd1d,100
2026-09-19T10:30:50,47,2026-09-19T09:00:00,90.8,685bc884fb19,100
2026-09-19T10:30:50,93,2026-09-19T09:00:00,90.8,967059300451,30
2026-09-19T10:40:51,1,2026-09-19T09:00:00,100.9,bf8ede7abd1d,100
2026-09-19T10:40:51,47,2026-09-19T09:00:00,100.9,685bc884fb19,100
2026-09-19T10:40:51,93,2026-09-19T09:00:00,100.9,967059300451,30
2026-09-19T10:50:53,1,2026-09-19T09:00:00,110.9,bf8ede7abd1d,100
2026-09-19T10:50:53,47,2026-09-19T09:00:00,110.9,685bc884fb19,100
2026-09-19T10:50:53,93,2026-09-19T09:00:00,110.9,967059300451,30
